Country,Year,YearlyAvgTemperature
Albania,1997,71.93478260869566
Albania,1998,61.612499999999976
Albania,1999,63.116961130742055
Albania,2000,63.17694524495682
Albania,2001,61.23560000000005
Albania,2002,63.301265822784835
Albania,2003,63.6548476454294
Albania,2004,61.523835616438305
Albania,2005,60.81129476584021
Albania,2006,59.87486187845302
Albania,2007,61.329395604395586
Albania,2008,60.66318681318682
Albania,2009,61.156232686980566
Albania,2010,60.56876712328763
Albania,2011,59.91863013698633
Albania,2012,60.3197260273972
Albania,2013,60.413150684931466
Albania,2014,60.65302197802197
Albania,2015,60.96428571428581
Albania,2016,60.73259668508292
Albania,2017,60.38465753424662
Albania,2018,62.09611111111115
Albania,2019,61.668055555555505
Albania,2020,51.1597014925373
Algeria,1995,64.41046831955923
Algeria,1996,63.53021978021981
Algeria,1997,64.92630136986308
Algeria,1998,63.61966759002768
Algeria,1999,64.92362637362642
Algeria,2000,64.18278688524586
Algeria,2001,64.66986301369867
Algeria,2002,64.13545706371188
Algeria,2003,65.49340659340658
Algeria,2004,64.08743169398907
Algeria,2005,62.91342465753426
Algeria,2006,64.93041095890408
Algeria,2007,63.61236263736265
Algeria,2008,63.97753424657535
Algeria,2009,64.70824175824175
Algeria,2010,64.26821917808216
Algeria,2011,64.96082191780816
Algeria,2012,64.29043715846997
Algeria,2013,63.70465753424658
Algeria,2014,65.64697802197797
Algeria,2015,64.9436813186813
Algeria,2016,65.31187845303864
Algeria,2017,64.99589041095896
Algeria,2018,64.41944444444447
Algeria,2019,64.9927576601671
Algeria,2020,58.034328358208924
Argentina,1995,61.70136986301374
Argentina,1996,62.71010928961749
Argentina,1997,63.14383561643837
Argentina,1998,61.761111111111134
Argentina,1999,61.83571428571434
Argentina,2000,62.39616438356166
Argentina,2001,63.339835164835215
Argentina,2002,63.0066666666667
Argentina,2003,61.92424242424242
Argentina,2004,62.62595628415302
Argentina,2005,62.31150684931508
Argentina,2006,62.68794520547938
Argentina,2007,61.32142857142857
Argentina,2008,63.35576923076922
Argentina,2009,63.01483516483522
Argentina,2010,63.006301369863024
Argentina,2011,63.23534246575342
Argentina,2012,63.725136612021885
Argentina,2013,62.88054794520547
Argentina,2014,63.61369863013696
Argentina,2015,63.8255494505495
Argentina,2016,62.19393939393938
Argentina,2017,64.13780821917805
Argentina,2018,63.4747222222223
Argentina,2019,63.07130919220058
Argentina,2020,69.98432835820897
Australia,1995,61.501753424657714
Australia,1996,61.25579868708968
Australia,1997,62.151780821917775
Australia,1998,62.20084592145014
Australia,1999,62.472362637362764
Australia,2000,62.250218579235025
Australia,2001,62.22906593406602
Australia,2002,62.690333333333285
Australia,2003,62.38268063982342
Australia,2004,62.51846994535528
Australia,2005,62.71293150684935
Australia,2006,62.67490410958906
Australia,2007,63.26450549450546
Australia,2008,62.13676389653273
Australia,2009,63.403571428571404
Australia,2010,62.71435616438361
Australia,2011,62.53884931506849
Australia,2012,62.255683060109334
Australia,2013,63.38265642151492
Australia,2014,63.48395604395606
Australia,2015,63.06362637362637
Australia,2016,63.40822295805738
Australia,2017,63.45564692982458
Australia,2018,63.26409972299166
Australia,2019,63.87577951002231
Australia,2020,68.7164179104477
Austria,1995,50.25123287671234
Austria,1996,47.676775956284125
Austria,1997,49.68273972602742
Austria,1998,51.33795013850416
Austria,1999,50.955219780219814
Austria,2000,52.75956284153006
Austria,2001,50.82301369863017
Austria,2002,51.8689750692521
Austria,2003,51.49506849315072
Austria,2004,50.603005464480894
Austria,2005,50.302191780821964
Austria,2006,51.23534246575341
Austria,2007,53.00906593406593
Austria,2008,52.59123287671234
Austria,2009,51.77390109890109
Austria,2010,49.25068493150686
Austria,2011,51.27945205479456
Austria,2012,51.911475409836065
Austria,2013,51.42630136986303
Austria,2014,53.35302197802191
Austria,2015,53.472802197802224
Austria,2016,52.10826446280993
Austria,2017,52.35150684931506
Austria,2018,53.7889502762431
Austria,2019,53.91222222222227
Austria,2020,44.924626865671655
Bahamas,1995,77.11098901098906
Bahamas,1996,76.02786885245894
Bahamas,1997,77.23691460055106
Bahamas,1998,78.08186968838534
Bahamas,1999,77.66166666666662
Bahamas,2000,77.37912087912088
Bahamas,2001,77.46785714285716
Bahamas,2002,78.96333333333334
Bahamas,2003,79.66703296703298
Bahamas,2004,78.26492753623194
Bahamas,2005,79.03865546218489
Bahamas,2006,78.77361111111108
Bahamas,2007,79.86350574712642
Bahamas,2008,79.53085399449036
Bahamas,2009,79.37225274725273
Bahamas,2010,78.25205479452055
Bahamas,2011,79.85095890410959
Bahamas,2012,78.61584699453556
Bahamas,2013,78.17452054794518
Bahamas,2014,78.6090659340659
Bahamas,2015,79.40412087912088
Bahamas,2016,79.34111111111109
Bahamas,2017,80.40767123287678
Bahamas,2018,79.06972222222218
Bahamas,2019,79.1381615598885
Bahamas,2020,75.5894736842105
Bahrain,1995,79.28273972602744
Bahrain,1996,80.18005464480875
Bahrain,1997,78.79726027397257
Bahrain,1998,82.2008310249308
Bahrain,1999,82.29587912087904
Bahrain,2000,80.60601092896171
Bahrain,2001,81.3230136986302
Bahrain,2002,80.86592797783935
Bahrain,2003,80.97643835616437
Bahrain,2004,80.7784153005464
Bahrain,2005,80.20931506849313
Bahrain,2006,81.00547945205477
Bahrain,2007,80.98159340659339
Bahrain,2008,80.4931318681319
Bahrain,2009,81.40439560439556
Bahrain,2010,82.92684931506848
Bahrain,2011,80.92
Bahrain,2012,81.68415300546445
Bahrain,2013,81.20438356164384
Bahrain,2014,82.07390109890108
Bahrain,2015,82.61538461538458
Bahrain,2016,82.12790055248622
Bahrain,2017,82.63589041095887
Bahrain,2018,83.29861495844874
Bahrain,2019,82.96350974930368
Bahrain,2020,72.23880597014929
Bangladesh,1995,79.35017301038064
Bangladesh,1996,78.76584507042256
Bangladesh,1997,77.15481927710844
Bangladesh,1998,79.28705882352948
Bangladesh,1999,77.08787878787875
Bangladesh,2000,79.0985507246377
Bangladesh,2001,78.95656934306568
Bangladesh,2002,78.62374429223748
Bangladesh,2003,78.82487562189054
Bangladesh,2004,78.91494845360823
Bangladesh,2005,77.85701754385963
Bangladesh,2006,79.3555944055944
Bangladesh,2007,78.11386138613861
Bangladesh,2008,75.64156626506025
Bangladesh,2009,79.02384341637014
Bangladesh,2010,80.83544776119399
Barbados,1995,81.26071428571431
Barbados,1996,80.94598337950136
Barbados,1997,80.77999999999999
Barbados,1998,81.53527777777771
Barbados,1999,80.54340659340666
Barbados,2000,80.22575342465755
Barbados,2001,80.69530386740331
Barbados,2002,81.2288888888889
Barbados,2003,81.30087463556852
Barbados,2004,81.33659217877099
Barbados,2005,82.06191780821915
Barbados,2006,81.66904109589044
Barbados,2007,81.07694444444442
Barbados,2008,80.28480662983426
Barbados,2009,81.12280219780222
Barbados,2010,82.04273972602735
Barbados,2011,81.38575342465757
Barbados,2012,80.63524590163935
Barbados,2013,80.76575342465755
Barbados,2014,80.65879120879121
Barbados,2015,81.43296703296701
Barbados,2016,81.57486187845302
Barbados,2017,80.69087136929463
Barbados,2018,79.15827338129498
Belarus,1995,44.31260273972603
Belarus,1996,41.64972677595629
Belarus,1997,42.97095890410956
Belarus,1998,44.442296918767504
Belarus,1999,46.92802197802201
Belarus,2000,46.96120218579237
Belarus,2001,45.367123287671234
Belarus,2002,46.53379501385043
Belarus,2003,44.60410958904108
Belarus,2004,44.71994535519125
Belarus,2005,45.14493150684931
Belarus,2006,45.16767123287672
Belarus,2007,46.75509641873281
Belarus,2008,46.972802197802196
Belarus,2009,45.01675824175824
Belarus,2010,44.88657534246575
Belarus,2011,46.51178082191784
Belarus,2012,45.111748633879756
Belarus,2013,46.319999999999965
Belarus,2014,46.82060439560437
Belarus,2015,48.24945054945055
Belarus,2016,46.41215469613259
Belarus,2017,46.09578313253013
Belarus,2018,44.421305841924344
Belarus,2019,44.48718861209966
Belarus,2020,38.00756302521007
Belgium,1995,51.701095890410976
Belgium,1996,48.19180327868852
Belgium,1997,51.13260273972603
Belgium,1998,51.29833795013852
Belgium,1999,52.125824175824214
Belgium,2000,52.31502732240441
Belgium,2001,51.58739726027402
Belgium,2002,52.33351800554014
Belgium,2003,52.32383561643834
Belgium,2004,51.62978142076503
Belgium,2005,52.140273972602735
Belgium,2006,52.05589041095888
Belgium,2007,52.14505494505498
Belgium,2008,51.06994535519125
Belgium,2009,51.26126373626372
Belgium,2010,48.835616438356155
Belgium,2011,52.475616438356184
Belgium,2012,50.75737704918034
Belgium,2013,49.85534246575341
Belgium,2014,53.12609890109893
Belgium,2015,51.92609890109894
Belgium,2016,51.561049723756874
Belgium,2017,52.132328767123305
Belgium,2018,53.05734072022163
Belgium,2019,52.503899721448484
Belgium,2020,46.91567164179104
Belize,1995,78.16607142857143
Belize,1996,80.29068493150686
Belize,1997,81.85883977900556
Belize,1998,81.95838150289016
Belize,1999,80.31587743732585
Belize,2000,80.4191780821918
Belize,2001,80.9535714285714
Belize,2002,81.36416666666669
Belize,2003,81.44819944598339
Belize,2004,81.36404494382029
Belize,2005,81.68860398860396
Belize,2006,81.1307692307692
Belize,2007,81.7659638554217
Belize,2008,81.2270114942529
Belize,2009,81.59192200557098
Belize,2010,80.92188365650962
Belize,2011,81.43232876712334
Belize,2012,81.09836065573772
Belize,2013,80.76136986301373
Belize,2014,80.82754820936641
Belize,2015,81.66758241758244
Belize,2016,81.31988950276244
Belize,2017,81.25999999999995
Belize,2018,81.01444444444446
Belize,2019,81.82116991643454
Belize,2020,80.89097744360902
Benin,1995,81.67873563218394
Benin,1996,81.4353760445683
Benin,1997,80.90614525139664
Benin,1998,82.29745454545446
Benin,1999,81.27150997150994
Benin,2000,81.9016233766234
Benin,2001,81.5440771349862
Benin,2002,81.38690807799448
Benin,2003,81.84472934472929
Benin,2004,81.28360655737704
Benin,2005,81.57123287671239
Benin,2006,82.08698224852066
Benin,2007,81.22727272727269
Benin,2008,81.19857549857558
Benin,2009,81.53104395604393
Benin,2010,82.55835616438355
Benin,2011,81.47445054945058
Benin,2012,81.21366120218576
Benin,2013,81.60384615384619
Benin,2014,81.62576177285317
Benin,2015,81.56098901098893
Benin,2016,82.17817679558006
Benin,2017,82.15342465753416
Benin,2018,82.20698324022342
Benin,2019,82.41197771587741
Benin,2020,83.81119402985077
Bermuda,1995,71.28670360110807
Bermuda,1996,71.1997267759563
Bermuda,1997,71.25188284518835
Bermuda,1998,72.71472222222224
Bermuda,1999,72.6230769230769
Bermuda,2000,71.60273972602744
Bermuda,2001,71.10769230769235
Bermuda,2002,72.1430555555556
Bermuda,2003,72.5013812154696
Bermuda,2004,71.33661202185796
Bermuda,2005,71.23424657534245
Bermuda,2006,71.3821428571429
Bermuda,2007,70.8489010989011
Bermuda,2008,71.68916666666668
Bermuda,2009,72.0766483516484
Bermuda,2010,69.89743589743593
Bolivia,1995,45.58684931506848
Bolivia,1996,44.212295081967206
Bolivia,1997,45.0454794520548
Bolivia,1998,46.945429362880894
Bolivia,1999,44.34065934065933
Bolivia,2000,44.28849315068492
Bolivia,2001,44.81043956043957
Bolivia,2002,45.74555555555557
Bolivia,2003,45.75414364640885
Bolivia,2004,45.88087431693987
Bolivia,2005,45.67205479452055
Bolivia,2006,44.65698630136985
Bolivia,2007,44.85467032967033
Bolivia,2008,44.25730027548206
Bolivia,2009,45.134340659340666
Bolivia,2010,46.15369863013698
Bolivia,2011,45.04684931506849
Bolivia,2012,45.306557377049174
Bolivia,2013,46.01377410468321
Bolivia,2014,46.26022099447516
Bolivia,2015,46.12060439560439
Bolivia,2016,46.909392265193304
Bolivia,2017,46.22876712328765
Bolivia,2018,45.42472222222222
Bolivia,2019,46.11916666666666
Bolivia,2020,48.049253731343285
Brazil,1995,71.8170776255708
Brazil,1996,71.34526411657545
Brazil,1997,71.55490767735664
Brazil,1998,72.70339855818744
Brazil,1999,71.38425414364636
Brazil,2000,72.17059360730592
Brazil,2001,72.83223443223444
Brazil,2002,73.03274418604644
Brazil,2003,71.83783287419644
Brazil,2004,71.49553734061931
Brazil,2005,71.47041095890415
Brazil,2006,70.95050228310517
Brazil,2007,71.2539377289378
Brazil,2008,70.36023875114795
Brazil,2009,71.46840659340648
Brazil,2010,72.39945205479457
Brazil,2011,71.14
Brazil,2012,72.17468123861563
Brazil,2013,72.0696803652969
Brazil,2014,73.30321395775934
Brazil,2015,72.70842490842485
Brazil,2016,72.26031307550653
Brazil,2017,72.15726027397253
Brazil,2018,71.64616096207227
Brazil,2019,73.5555658627087
Brazil,2020,73.557855361596
Bulgaria,1995,49.4301369863014
Bulgaria,1997,48.779999999999994
Bulgaria,1998,50.73711911357339
Bulgaria,1999,51.01043956043958
Bulgaria,2000,51.72759562841535
Bulgaria,2001,50.724109589041085
Bulgaria,2002,50.43407202216065
Bulgaria,2003,50.17205479452053
Bulgaria,2004,50.53961748633877
Bulgaria,2005,49.13972602739721
Bulgaria,2006,50.41808219178082
Bulgaria,2007,53.543956043955994
Bulgaria,2008,53.39561643835616
Bulgaria,2009,52.65494505494509
Bulgaria,2010,52.861095890410965
Bulgaria,2011,51.455616438356145
Bulgaria,2012,53.203551912568265
Bulgaria,2013,53.48493150684929
Bulgaria,2014,53.13598901098903
Bulgaria,2015,53.37005494505496
Bulgaria,2016,53.37292817679557
Bulgaria,2017,52.65397260273972
Bulgaria,2018,53.04238227146817
Bulgaria,2019,53.23621169916434
Bulgaria,2020,42.10820895522389
Burundi,1995,79.32604166666667
Burundi,1996,79.20628571428571
Burundi,1997,78.43391304347826
Burundi,1998,82.4
Burundi,1999,77.4
Burundi,2003,81.3
Burundi,2004,76.61333333333333
Burundi,2005,74.05098039215686
Burundi,2006,59.992792792792756
Burundi,2007,54.52765957446802
Canada,1995,42.00221917808218
Canada,1996,40.17499999999993
Canada,1997,41.99452054794523
Canada,1998,45.261855955678605
Canada,1999,44.588131868132024
Canada,2000,42.15384615384609
Canada,2001,44.25761643835621
Canada,2002,42.3765096952909
Canada,2003,42.29967114277884
Canada,2004,42.199535519125625
Canada,2005,43.941002214839564
Canada,2006,44.78857534246572
Canada,2007,42.8502748763058
Canada,2008,42.252263260205495
Canada,2009,41.777933498213926
Canada,2010,44.39616368286457
Canada,2011,43.29231003967042
Canada,2012,44.41622445867636
Canada,2013,41.99391171993907
Canada,2014,35.89191820837388
Canada,2015,38.51577017114916
Canada,2016,41.27994467496542
Canada,2017,39.957417582417605
Canada,2018,38.69375000000002
Canada,2019,37.54965421853389
Canada,2020,24.879400749063667
Central African Republic,1995,78.36134751773048
Central African Republic,1996,77.77566539923953
Central African Republic,1997,78.83278688524587
Central African Republic,1998,79.21158940397356
Central African Republic,1999,78.55723076923078
Central African Republic,2000,78.33728323699424
Central African Republic,2001,77.9724233983287
Central African Republic,2002,78.13183098591551
Central African Republic,2003,78.28607954545458
Central African Republic,2004,78.31787709497206
Central African Republic,2005,78.54183381088826
Central African Republic,2006,78.52067988668551
Central African Republic,2007,79.12039660056661
Central African Republic,2008,78.67603305785131
Central African Republic,2009,79.18760806916427
Central African Republic,2010,79.90146627565984
Central African Republic,2011,79.23917808219181
Central African Republic,2012,79.10054644808746
Central African Republic,2013,78.76510989010995
Central African Republic,2014,78.76620111731849
Central African Republic,2015,79.08022598870053
Central African Republic,2016,79.28867403314912
Central African Republic,2017,79.36164383561645
Central African Republic,2018,78.48305555555558
Central African Republic,2019,79.47794561933532
Central African Republic,2020,81.41343283582091
China,1995,59.772493150684916
China,1996,59.08896174863387
China,1997,60.55569760978318
China,1998,61.80055432372503
China,1999,60.75032967032969
China,2000,60.16539092400235
China,2001,60.30690410958908
China,2002,60.71225055432367
China,2003,60.6517827756445
China,2004,60.931803278688555
China,2005,60.22076712328775
China,2006,61.17567123287675
China,2007,61.71794166208038
China,2008,60.315824175824126
China,2009,60.56426608026386
China,2010,59.66734246575344
China,2011,59.932986301369965
China,2012,59.583989071038275
China,2013,60.763013698630054
China,2014,61.4255085211654
China,2015,61.68868131868132
China,2016,61.59270315091207
China,2017,62.01704109589035
China,2018,61.73190899001109
China,2019,61.992033426183895
China,2020,52.202391629297395
Colombia,1995,55.38598901098904
Colombia,1996,55.08333333333332
Colombia,1997,56.231506849315046
Colombia,1998,57.353025936599416
Colombia,1999,56.05505617977528
Colombia,2000,55.34027397260263
Colombia,2001,55.840384615384586
Colombia,2002,56.82138888888891
Colombia,2003,56.24944751381212
Colombia,2004,55.59808743169399
Colombia,2005,56.01068493150683
Colombia,2006,55.840109890109865
Colombia,2007,55.51432506887051
Colombia,2008,55.225280898876406
Colombia,2009,56.499175824175815
Colombia,2010,56.933698630137
Colombia,2011,56.803561643835636
Colombia,2012,56.354644808743174
Colombia,2013,56.84027397260276
Colombia,2014,56.86263736263733
Colombia,2015,57.47609890109893
Colombia,2016,57.82734806629836
Colombia,2017,57.110410958904076
Colombia,2018,56.97638888888887
Colombia,2019,57.662952646239546
Colombia,2020,58.07014925373134
Congo,1995,78.28616714697411
Congo,1996,77.11885714285718
Congo,1997,78.52470588235295
Congo,1998,79.27089201877936
Congo,1999,78.34495677233431
Congo,2000,76.91198830409351
Congo,2001,77.45955678670363
Congo,2002,78.35112359550568
Congo,2003,78.3947945205479
Congo,2004,78.3321428571429
Congo,2005,78.37753424657538
Congo,2006,77.96164383561644
Congo,2007,77.77884615384616
Congo,2008,77.57589041095888
Congo,2009,77.9129120879121
Congo,2010,78.84972375690614
Congo,2011,77.87917808219177
Congo,2012,77.69808743169396
Congo,2013,77.90684931506851
Congo,2014,78.54293628808864
Congo,2015,78.16703296703304
Congo,2016,78.70303867403318
Congo,2017,78.29917808219174
Congo,2018,78.52576177285322
Congo,2019,78.59611111111107
Congo,2020,81.10601503759396
Costa Rica,1995,72.9668852459016
Costa Rica,1996,73.04955223880602
Costa Rica,1997,73.2906336088154
Costa Rica,1998,73.75055555555552
Costa Rica,1999,71.4870879120879
Costa Rica,2000,72.230303030303
Costa Rica,2001,73.2898071625344
Costa Rica,2002,74.10473537604456
Costa Rica,2003,73.48980716253449
Costa Rica,2004,73.32197802197804
Costa Rica,2005,72.19835616438361
Costa Rica,2006,72.64246575342463
Costa Rica,2007,72.42197802197799
Costa Rica,2008,71.65702479338842
Costa Rica,2009,72.86153846153849
Costa Rica,2010,72.4408219178082
Costa Rica,2011,72.13479452054794
Costa Rica,2012,72.38060109289619
Costa Rica,2013,72.65041095890409
Costa Rica,2014,73.03241758241761
Costa Rica,2015,73.79615384615379
Costa Rica,2016,73.32837465564738
Costa Rica,2017,72.8832876712329
Costa Rica,2018,72.86888888888883
Costa Rica,2019,73.50501392757658
Costa Rica,2020,74.93955223880592
Croatia,1996,52.178978978978954
Croatia,1997,51.821388888888904
Croatia,1998,52.35028089887642
Croatia,1999,53.65730027548205
Croatia,2000,55.85412087912089
Croatia,2001,54.16164383561641
Croatia,2002,54.754722222222206
Croatia,2003,54.45945205479454
Croatia,2004,53.04726775956282
Croatia,2005,52.23835616438351
Croatia,2006,54.22054794520546
Croatia,2007,55.78291316526609
Croatia,2008,55.22060439560433
Croatia,2009,55.246978021978045
Croatia,2010,53.21671232876718
Croatia,2011,54.72739726027395
Croatia,2012,55.56366120218577
Croatia,2013,54.370136986301326
Croatia,2014,56.22087912087915
Croatia,2015,55.70494505494507
Croatia,2016,54.832132963988926
Croatia,2017,55.572054794520554
Croatia,2018,56.49275766016704
Croatia,2019,56.55710306406687
Croatia,2020,47.549624060150386
Cuba,1995,75.82825484764548
Cuba,1996,75.2952522255193
Cuba,1997,77.2272997032641
Cuba,1998,76.64134897360707
Cuba,1999,75.71742857142856
Cuba,2000,75.14871060171922
Cuba,2001,75.26938202247192
Cuba,2002,76.44222222222221
Cuba,2003,76.27438016528926
Cuba,2004,76.22361111111114
Cuba,2005,75.96767123287678
Cuba,2006,75.97205479452047
Cuba,2007,76.08324175824178
Cuba,2008,75.57443820224712
Cuba,2009,75.55193370165748
Cuba,2010,74.42739726027399
Cuba,2011,75.34219178082188
Cuba,2012,75.05109289617485
Cuba,2013,75.91671232876712
Cuba,2014,75.38021978021975
Cuba,2015,76.7785714285714
Cuba,2016,75.9580110497237
Cuba,2017,75.82876712328765
Cuba,2018,75.89749999999998
Cuba,2019,76.75097493036212
Cuba,2020,75.2390977443609
Cyprus,1995,64.99393939393937
Cyprus,1996,69.69531772575253
Cyprus,1997,63.424637681159474
Cyprus,1998,71.31666666666666
Cyprus,1999,65.79868421052635
Cyprus,2000,72.80611510791371
Cyprus,2001,67.96958904109584
Cyprus,2002,67.40430107526882
Cyprus,2003,58.12142857142856
Cyprus,2004,72.9527659574468
Cyprus,2005,66.42958904109585
Cyprus,2006,66.32821917808215
Cyprus,2007,67.18156424581005
Cyprus,2008,68.05534246575347
Cyprus,2009,69.02695312499998
Cyprus,2010,90.1
Czech Republic,1995,46.76657534246575
Czech Republic,1996,43.504371584699435
Czech Republic,1997,46.236986301369825
Czech Republic,1998,47.77977839335178
Czech Republic,1999,47.93131868131868
Czech Republic,2000,49.08196721311477
Czech Republic,2001,46.970136986301355
Czech Republic,2002,48.23988919667589
Czech Republic,2003,48.11260273972602
Czech Republic,2004,47.369945355191284
Czech Republic,2005,47.35424657534247
Czech Republic,2006,48.335616438356155
Czech Republic,2007,49.809615384615405
Czech Republic,2008,48.86483516483514
Czech Republic,2009,48.45412087912088
Czech Republic,2010,45.986301369862986
Czech Republic,2011,48.665753424657524
Czech Republic,2012,48.32240437158474
Czech Republic,2013,46.99369863013692
Czech Republic,2014,49.92664835164828
Czech Republic,2015,50.36291208791209
Czech Republic,2016,49.05690607734806
Czech Republic,2017,48.76465753424658
Czech Republic,2018,51.00747922437672
Czech Republic,2019,50.39136490250695
Czech Republic,2020,42.094029850746274
Denmark,1995,46.24136986301372
Denmark,1996,43.45327868852458
Denmark,1997,47.078630136986305
Denmark,1998,46.674515235457044
Denmark,1999,47.67637362637366
Denmark,2000,48.314754098360645
Denmark,2001,46.6764383561644
Denmark,2002,47.97340720221606
Denmark,2003,47.11150684931507
Denmark,2004,47.066939890710415
Denmark,2005,47.11561643835618
Denmark,2006,48.22684931506845
Denmark,2007,48.59313186813185
Denmark,2008,48.409289617486294
Denmark,2009,47.51373626373631
Denmark,2010,44.386575342465754
Denmark,2011,47.742739726027395
Denmark,2012,46.79535519125686
Denmark,2013,46.90164383561643
Denmark,2014,49.88159340659342
Denmark,2015,48.374725274725286
Denmark,2016,48.08784530386742
Denmark,2017,47.95479452054794
Denmark,2018,49.46011080332411
Denmark,2019,49.30278551532029
Denmark,2020,42.32761194029851
Dominican Republic,1995,77.79473684210527
Dominican Republic,1996,78.49255014326648
Dominican Republic,1997,79.40552486187842
Dominican Republic,1998,79.52
Dominican Republic,1999,78.80911680911676
Dominican Republic,2000,78.8378531073446
Dominican Republic,2001,79.27802816901404
Dominican Republic,2002,79.65181058495823
Dominican Republic,2003,79.77827298050138
Dominican Republic,2004,79.04501424501423
Dominican Republic,2005,79.76999999999991
Dominican Republic,2006,80.08575581395348
Dominican Republic,2007,80.12828571428568
Dominican Republic,2008,79.14482758620686
Dominican Republic,2009,79.41464088397785
Dominican Republic,2010,80.13123287671242
Dominican Republic,2011,79.4706043956045
Dominican Republic,2012,79.51191860465114
Dominican Republic,2013,80.62672064777327
Dominican Republic,2014,80.83926174496641
Dominican Republic,2015,81.13371104815863
Dominican Republic,2016,80.12422535211269
Dominican Republic,2017,80.11019283746559
Dominican Republic,2018,79.65521126760562
Dominican Republic,2019,81.04406779661016
Dominican Republic,2020,79.5512195121951
Egypt,1995,70.77150684931506
Egypt,1996,71.32459016393443
Egypt,1997,70.76657534246577
Egypt,1998,72.63994413407823
Egypt,1999,72.28489010989009
Egypt,2000,71.23698630136992
Egypt,2001,72.73726027397261
Egypt,2002,72.51052631578945
Egypt,2003,72.34945054945052
Egypt,2004,72.27021857923499
Egypt,2005,72.03780821917809
Egypt,2006,72.10767123287673
Egypt,2007,72.79945054945054
Egypt,2008,73.39283746556474
Egypt,2009,74.12170329670326
Egypt,2010,75.51150684931515
Egypt,2011,71.86027397260276
Egypt,2012,72.6803278688525
Egypt,2013,72.58520547945211
Egypt,2014,73.15769230769233
Egypt,2015,72.71813186813186
Egypt,2016,74.88194444444447
Egypt,2017,74.0241095890411
Egypt,2018,75.71527777777774
Egypt,2019,73.8339832869081
Egypt,2020,63.63880597014926
Equador,1995,67.56945244956773
Equador,1996,66.36671899529051
Equador,1997,69.07686676427535
Equador,1998,68.56961483594863
Equador,1999,65.77938596491221
Equador,2000,65.299860529986
Equador,2001,65.93240997229917
Equador,2002,67.05868347338944
Equador,2003,67.27875000000006
Equador,2004,68.61201780415436
Equador,2005,68.26739726027395
Equador,2006,68.02208333333328
Equador,2007,67.58873626373631
Equador,2008,67.05782967032962
Equador,2009,68.04697802197799
Equador,2010,67.95512465373952
Equador,2011,67.65054794520547
Equador,2012,67.90369863013699
Equador,2013,73.43732251521294
Equador,2014,76.28279816513758
Equador,2015,80.50082417582422
Equador,2016,79.76353591160219
Equador,2017,78.76328767123289
Equador,2018,77.98245125348193
Equador,2019,78.69633802816901
Equador,2020,82.27014925373133
Ethiopia,1995,62.29250000000004
Ethiopia,1996,61.65892351274784
Ethiopia,1997,62.87546583850936
Ethiopia,1998,62.40795454545458
Ethiopia,1999,62.633333333333304
Ethiopia,2000,62.53694029850745
Ethiopia,2001,63.91201923076922
Ethiopia,2002,66.15535714285716
Ethiopia,2003,64.15
Ethiopia,2004,63.443999999999996
Ethiopia,2005,64.17785016286646
Ethiopia,2006,63.8872262773723
Ethiopia,2007,62.57322580645157
Ethiopia,2008,63.14383561643829
Ethiopia,2009,62.735384615384625
Ethiopia,2010,61.438492063492085
Ethiopia,2011,62.79150141643065
Ethiopia,2012,62.487921348314565
Ethiopia,2013,62.98361111111111
Ethiopia,2014,63.63343023255809
Ethiopia,2015,64.09552238805969
Ethiopia,2016,63.10250000000003
Ethiopia,2017,62.45277777777774
Ethiopia,2018,62.1211604095563
Ethiopia,2019,63.119020172910716
Ethiopia,2020,65.17819548872181
Finland,1995,42.24219178082193
Finland,1996,40.04672131147543
Finland,1997,42.07534246575342
Finland,1998,41.25069252077564
Finland,1999,43.278571428571446
Finland,2000,44.53606557377052
Finland,2001,42.01205479452054
Finland,2002,42.33047091412742
Finland,2003,41.38876712328768
Finland,2004,41.710655737704904
Finland,2005,42.68356164383561
Finland,2006,43.189589041095886
Finland,2007,43.578021978022
Finland,2008,44.62295081967211
Finland,2009,42.04560439560439
Finland,2010,40.110410958904076
Finland,2011,44.211780821917806
Finland,2012,41.507650273224066
Finland,2013,43.63972602739723
Finland,2014,44.10384615384615
Finland,2015,44.920329670329686
Finland,2016,42.904143646408876
Finland,2017,42.81698630136985
Finland,2018,44.0141274238227
Finland,2019,43.87715877437328
Finland,2020,36.508955223880605
France,1995,56.4077134986226
France,1996,54.32352941176474
France,1997,56.87465753424661
France,1998,55.473743016759784
France,1999,56.097390109890114
France,2000,55.76420765027321
France,2001,55.212602739726044
France,2002,55.76371191135732
France,2003,56.390821917808324
France,2004,54.931830601092884
France,2005,55.06406035665302
France,2006,55.90506849315067
France,2007,55.128434065934044
France,2008,54.54897119341572
France,2009,55.23695054945054
France,2010,53.39917808219173
France,2011,56.67671232876717
France,2012,54.80778688524594
France,2013,54.21893004115227
France,2014,55.48310439560433
France,2015,55.67857142857141
France,2016,55.00275862068967
France,2017,55.612602739726
France,2018,55.979548660084625
France,2019,56.22402777777784
France,2020,50.816417910447754
Gabon,1995,79.57030716723548
Gabon,1996,78.65803921568627
Gabon,1997,80.5279411764706
Gabon,1998,80.53563218390804
Gabon,1999,79.79820895522391
Gabon,2000,79.25542857142851
Gabon,2001,79.29393939393941
Gabon,2002,79.73222222222219
Gabon,2003,79.86470588235294
Gabon,2004,79.83543543543547
Gabon,2005,79.62853185595567
Gabon,2006,79.66821917808224
Gabon,2007,80.24297520661159
Gabon,2008,79.9245856353591
Gabon,2009,79.92417582417583
Gabon,2010,80.13753424657536
Gabon,2011,79.34520547945203
Gabon,2012,78.33251366120213
Gabon,2013,79.62493150684925
Gabon,2014,79.78107344632771
Gabon,2015,79.97472527472523
Gabon,2016,80.97707182320443
Gabon,2017,80.36630136986297
Gabon,2018,80.22714681440448
Gabon,2019,80.53816155988864
Gabon,2020,82.79253731343283
Gambia,1995,77.93872832369935
Gambia,1996,77.98146853146852
Gambia,1997,79.75600000000004
Gambia,1998,79.80953947368425
Gambia,1999,78.51615598885795
Gambia,2000,78.89413793103445
Gambia,2001,79.82531250000001
Gambia,2002,79.05185185185178
Gambia,2003,79.66646341463412
Gambia,2004,79.43263473053896
Gambia,2005,80.11679999999996
Gambia,2006,78.96409090909096
Gambia,2007,79.55634674922601
Gambia,2010,79.91243093922658
Gambia,2011,78.74191780821917
Gambia,2012,78.99808743169402
Gambia,2013,78.90739726027397
Gambia,2014,78.79614325068876
Gambia,2015,78.38461538461537
Gambia,2016,78.84889502762428
Gambia,2017,79.30816326530605
Gambia,2018,77.83960674157301
Gambia,2019,78.7670391061452
Gambia,2020,79.41716417910446
Georgia,1995,57.05972602739726
Georgia,1996,55.59344262295079
Georgia,1997,55.50547945205479
Georgia,1998,58.17285318559559
Georgia,1999,57.195054945054935
Georgia,2000,57.17896174863391
Georgia,2001,57.10138121546962
Georgia,2002,56.28559556786707
Georgia,2003,55.84465753424652
Georgia,2004,56.671311475409816
Georgia,2005,57.15726495726497
Georgia,2006,43.23669724770645
Germany,1995,50.723846153846154
Germany,1996,47.20932835820898
Germany,1997,49.173047858942056
Germany,1998,50.48752997601918
Germany,1999,51.001478953356084
Germany,2000,52.09814600231746
Germany,2001,49.56413708690329
Germany,2002,51.21849148418492
Germany,2003,48.6065333333334
Germany,2004,50.52431761786596
Germany,2005,50.20402930402932
Germany,2006,49.170921985815674
Germany,2007,50.91717990275523
Germany,2008,50.786604361370784
Germany,2009,50.254250386398795
Germany,2010,47.79140708915149
Germany,2011,50.84508333333339
Germany,2012,48.57158469945353
Germany,2013,47.51753424657532
Germany,2014,50.112912087912115
Germany,2015,49.91978021978023
Germany,2016,49.105248618784515
Germany,2017,48.79342465753423
Germany,2018,51.46115942028986
Germany,2019,50.59479015918959
Germany,2020,43.01343283582088
Greece,1995,64.94657534246574
Greece,1996,64.54125683060111
Greece,1997,63.93534246575343
Greece,1998,65.5019337016574
Greece,1999,66.71675824175824
Greece,2000,65.80218579234972
Greece,2001,66.14054794520544
Greece,2002,65.1952908587258
Greece,2003,64.91863013698631
Greece,2004,64.65491803278688
Greece,2005,64.27342465753425
Greece,2006,64.17134986225898
Greece,2007,65.7659279778393
Greece,2008,65.89917582417583
Greece,2009,65.74738292011014
Greece,2010,67.12876712328763
Greece,2011,66.22191780821923
Greece,2012,60.161006289308204
Guatemala,1995,66.4782608695652
Guatemala,1996,66.5852830188679
Guatemala,1997,67.53561643835617
Guatemala,1998,67.8869565217391
Guatemala,1999,65.83186813186815
Guatemala,2000,65.8502747252747
Guatemala,2001,66.24578651685391
Guatemala,2002,67.14061624649852
Guatemala,2003,67.23109243697482
Guatemala,2004,66.74944444444445
Guatemala,2005,66.9134615384615
Guatemala,2006,66.56840659340651
Guatemala,2007,66.96346153846154
Guatemala,2008,66.23983286908079
Guatemala,2009,67.1551246537396
Guatemala,2010,66.59068493150683
Guatemala,2011,66.50109589041092
Guatemala,2012,66.37103825136612
Guatemala,2013,66.83205479452054
Guatemala,2014,66.80165289256202
Guatemala,2015,67.51767955801097
Guatemala,2016,67.48895027624305
Guatemala,2017,66.8315068493151
Guatemala,2018,66.89359331476327
Guatemala,2019,67.69805013927575
Guatemala,2020,68.16417910447763
Guinea,1995,81.6284518828452
Guinea,1996,80.84631268436577
Guinea,1997,82.54428571428575
Guinea,1998,83.62727272727271
Guinea,1999,81.59954954954958
Guinea,2000,80.94067796610173
Guinea,2001,81.39413580246915
Guinea,2002,81.74135802469132
Guinea,2003,81.50515759312322
Guinea,2004,81.92786885245899
Guinea,2005,82.04581005586594
Guinea,2006,81.87301136363635
Guinea,2007,81.69730639730635
Guinea,2008,82.23975155279504
Guinea,2009,81.5960784313726
Guinea,2010,82.81451612903227
Guinea,2011,82.57864406779656
Guinea,2012,81.03928571428574
Guinea,2013,80.89638888888894
Guinea,2014,80.70000000000006
Guinea,2015,80.7117824773414
Guinea,2016,81.05847953216373
Guinea,2017,81.43438395415474
Guinea,2018,81.02199413489735
Guinea,2019,81.6666666666667
Guinea,2020,83.88560606060608
Guinea-Bissau,1995,83.66228571428573
Guinea-Bissau,1996,83.15953757225435
Guinea-Bissau,1997,83.4097014925373
Guinea-Bissau,1998,84.30000000000001
Guinea-Bissau,2006,82.57622950819675
Guinea-Bissau,2007,83.98640776699028
Guinea-Bissau,2008,83.85130434782609
Guinea-Bissau,2009,82.59458689458691
Guinea-Bissau,2010,82.72676056338037
Guinea-Bissau,2011,81.82333333333334
Guinea-Bissau,2012,81.51774647887326
Guinea-Bissau,2013,81.96034482758621
Guinea-Bissau,2014,81.79942693409738
Guinea-Bissau,2015,81.56502890173412
Guinea-Bissau,2016,81.91163434903052
Guinea-Bissau,2017,81.90383561643836
Guinea-Bissau,2018,81.03722222222221
Guinea-Bissau,2019,81.99241573033707
Guinea-Bissau,2020,84.21526717557254
Guyana,1996,83.55625
Guyana,1997,80.69999999999999
Guyana,1998,81.9
Guyana,1999,83.43552123552126
Guyana,2000,82.63647058823531
Guyana,2001,83.50275862068966
Guyana,2002,83.32925925925927
Guyana,2003,83.01422222222222
Guyana,2004,84.0629921259843
Guyana,2005,84.06929133858267
Guyana,2006,83.22760416666668
Guyana,2010,84.37142857142858
Guyana,2011,83.06283783783788
Haiti,1995,86.29625468164797
Haiti,1996,86.09945945945948
Haiti,1997,87.43142857142858
Haiti,1999,84.38245614035088
Haiti,2000,84.01166666666671
Haiti,2001,85.43493150684932
Haiti,2002,85.93492647058815
Haiti,2003,87.50718562874252
Haiti,2004,86.29314285714283
Haiti,2005,85.68904109589045
Haiti,2006,84.87500000000004
Haiti,2007,85.93950617283951
Haiti,2008,86.41060606060606
Haiti,2009,86.61692307692307
Haiti,2010,85.05826330532207
Haiti,2011,84.7129834254143
Haiti,2012,84.57889610389613
Haiti,2013,85.37475409836068
Haiti,2014,85.10899999999998
Haiti,2015,86.47243401759535
Haiti,2016,85.15380281690142
Haiti,2017,84.9818681318681
Haiti,2018,85.16511627906978
Haiti,2019,83.37623188405796
Haiti,2020,81.77499999999999
Honduras,1995,72.64346590909088
Honduras,1996,70.49633802816899
Honduras,1997,72.06363636363636
Honduras,1998,72.91284916201123
Honduras,1999,71.0988505747126
Honduras,2000,71.12877094972072
Honduras,2001,72.12527777777771
Honduras,2002,72.22237960339939
Honduras,2003,71.7556473829201
Honduras,2004,71.9398280802292
Honduras,2005,72.35536723163841
Honduras,2006,71.72152974504247
Honduras,2007,71.66933701657454
Honduras,2008,70.99916434540394
Honduras,2009,71.35185185185179
Honduras,2010,70.84022038567494
Honduras,2011,71.04328767123289
Honduras,2012,71.0155737704918
Honduras,2013,71.63123287671232
Honduras,2014,72.01483516483512
Honduras,2015,73.10439560439558
Honduras,2016,72.7582872928177
Honduras,2017,71.36986301369873
Honduras,2018,69.82770083102496
Honduras,2019,70.68725761772852
Honduras,2020,74.09586776859507
Hong Kong,1995,74.12
Hong Kong,1996,74.97103825136611
Hong Kong,1997,75.2531506849315
Hong Kong,1998,76.2457063711912
Hong Kong,1999,75.53846153846156
Hong Kong,2000,75.23497267759564
Hong Kong,2001,75.57452054794521
Hong Kong,2002,75.8675900277008
Hong Kong,2003,75.74657534246582
Hong Kong,2004,75.33142076502732
Hong Kong,2005,75.07917808219182
Hong Kong,2006,75.89013698630137
Hong Kong,2007,76.16565934065933
Hong Kong,2008,74.80054945054944
Hong Kong,2009,75.92829670329672
Hong Kong,2010,75.44547945205478
Hong Kong,2011,74.71041095890412
Hong Kong,2012,75.60000000000002
Hong Kong,2013,75.45397260273973
Hong Kong,2014,76.12527472527474
Hong Kong,2015,77.21675824175826
Hong Kong,2016,76.18425414364641
Hong Kong,2017,76.6339726027397
Hong Kong,2018,76.1750692520776
Hong Kong,2019,77.31197771587746
Hong Kong,2020,70.60671641791042
Hungary,1995,50.27287671232873
Hungary,1996,48.61939890710383
Hungary,1997,50.38602739726026
Hungary,1998,51.535911602209936
Hungary,1999,50.6486263736264
Hungary,2000,53.127049180327866
Hungary,2001,51.44027397260275
Hungary,2002,52.795844875346226
Hungary,2003,51.736263736263744
Hungary,2004,48.69672131147543
Hungary,2005,48.35178082191782
Hungary,2006,50.0315068493151
Hungary,2007,53.28626373626369
Hungary,2008,52.63999999999999
Hungary,2009,52.499175824175815
Hungary,2010,50.0997260273972
Hungary,2011,51.536164383561626
Hungary,2012,52.56174863387979
Hungary,2013,52.29726027397263
Hungary,2014,53.69148351648354
Hungary,2015,53.602197802197814
Hungary,2016,52.21491712707178
Hungary,2017,52.22164383561643
Hungary,2018,54.0376731301939
Hungary,2019,54.03509749303622
Hungary,2020,43.4082089552239
Iceland,1995,38.906027397260274
Iceland,1996,41.16393442622952
Iceland,1997,41.36821917808218
Iceland,1998,40.365927977839306
Iceland,1999,39.95219780219779
Iceland,2000,40.175683060109314
Iceland,2001,41.5482191780822
Iceland,2002,41.924930747922446
Iceland,2003,43.20164383561646
Iceland,2004,42.29071038251366
Iceland,2005,41.375890410958924
Iceland,2006,41.97780821917809
Iceland,2007,42.17857142857142
Iceland,2008,41.81912568306013
Iceland,2009,42.25357142857143
Iceland,2010,42.85342465753421
Iceland,2011,41.90876712328765
Iceland,2012,42.23306010928963
Iceland,2013,41.06246575342467
Iceland,2014,42.93186813186814
Iceland,2015,40.31126373626377
Iceland,2016,42.94254143646408
Iceland,2017,41.94986301369864
Iceland,2018,41.34611111111112
Iceland,2019,42.4050139275766
Iceland,2020,35.07388059701493
India,1995,79.97914659325535
India,1996,79.84135802469135
India,1997,79.58924657534256
India,1998,80.54767522553783
India,1999,80.43844566712512
India,2000,80.20862422997939
India,2001,79.83392734749842
India,2002,80.67814018043032
India,2003,80.14256339958875
India,2004,80.20416666666657
India,2005,79.9172602739726
India,2006,80.50561643835623
India,2007,80.14139599170686
India,2008,79.9241426611797
India,2009,81.3775257731958
India,2010,81.05226648351639
India,2011,80.26982817869406
India,2012,80.66755464480866
India,2013,80.1994516792324
India,2014,80.7396978021978
India,2015,81.43935439560431
India,2016,82.19559532002745
India,2017,81.72997256515761
India,2018,81.57531120331964
India,2019,81.3625087108015
India,2020,77.56467289719627
Indonesia,1995,82.31442953020134
Indonesia,1996,81.89090909090915
Indonesia,1997,82.58518518518524
Indonesia,1998,83.10120000000003
Indonesia,1999,82.47602040816328
Indonesia,2000,83.02769230769232
Indonesia,2001,82.73125
Indonesia,2002,85.46666666666668
Indonesia,2003,84.44999999999997
Indonesia,2004,84.78446601941752
Indonesia,2005,84.07959183673465
Indonesia,2006,84.5217054263566
Indonesia,2007,83.25930232558139
Indonesia,2008,83.14104046242778
Indonesia,2009,83.57614942528731
Indonesia,2010,83.28232044198887
Indonesia,2011,83.56263736263742
Indonesia,2012,83.66639118457307
Indonesia,2013,83.18815426997239
Indonesia,2014,83.46804407713488
Indonesia,2015,83.35977961432512
Indonesia,2016,83.5814404432133
Indonesia,2017,83.4857142857143
Indonesia,2018,83.57019498607244
Indonesia,2019,84.01782729805012
Indonesia,2020,83.18345864661653
Ireland,1995,49.97041095890412
Ireland,1996,48.2084699453552
Ireland,1997,50.08958904109592
Ireland,1998,49.869252077562294
Ireland,1999,49.81895604395603
Ireland,2000,48.94180327868844
Ireland,2001,48.88657534246575
Ireland,2002,49.957340720221616
Ireland,2003,49.970684931506845
Ireland,2004,49.88196721311479
Ireland,2005,50.24684931506849
Ireland,2006,50.48904109589042
Ireland,2007,50.45757575757575
Ireland,2008,49.178082191780845
Ireland,2009,49.320054945054906
Ireland,2010,47.27205479452054
Ireland,2011,50.11863013698632
Ireland,2012,49.004644808743144
Ireland,2013,49.204109589041146
Ireland,2014,50.248351648351644
Ireland,2015,49.22115384615384
Ireland,2016,49.794475138121555
Ireland,2017,50.20904109589038
Ireland,2018,49.91712707182318
Ireland,2019,49.83259052924789
Ireland,2020,44.664179104477604
Israel,1995,68.61563786008229
Israel,1996,72.3535460992908
Israel,1997,68.47750000000002
Israel,1998,71.09542682926825
Israel,1999,70.81768292682926
Israel,2000,69.8430136986301
Israel,2001,69.8896755162242
Israel,2002,70.57130681818184
Israel,2003,69.74182825484762
Israel,2004,69.29764011799409
Israel,2005,71.19529780564262
Israel,2006,71.21671732522796
Israel,2007,70.32071713147414
Italy,1995,56.169093406593355
Italy,1996,55.83114754098373
Italy,1997,57.585479452054805
Italy,1998,57.41343490304712
Italy,1999,57.80810439560433
Italy,2000,58.03789329685364
Italy,2001,57.57534246575334
Italy,2002,57.34515235457065
Italy,2003,58.35890410958904
Italy,2004,56.81762295081969
Italy,2005,56.22958904109584
Italy,2006,57.23712328767131
Italy,2007,57.735851648351655
Italy,2008,57.79546703296707
Italy,2009,58.10892857142854
Italy,2010,56.775342465753376
Italy,2011,58.281232876712345
Italy,2012,58.06352459016392
Italy,2013,57.697260273972695
Italy,2014,59.100412087912126
Italy,2015,58.65892857142861
Italy,2016,58.948071625344305
Italy,2017,58.880958904109626
Italy,2018,60.009141274238246
Italy,2019,59.50389972144844
Italy,2020,50.23992537313435
Ivory Coast,1995,80.57747252747251
Ivory Coast,1996,80.51377410468318
Ivory Coast,1997,80.28463687150841
Ivory Coast,1998,81.1135734072022
Ivory Coast,1999,80.57300613496935
Ivory Coast,2000,79.88882521489965
Ivory Coast,2001,79.95305555555554
Ivory Coast,2002,80.4266211604095
Ivory Coast,2003,80.28504983388709
Ivory Coast,2004,80.57306590257886
Ivory Coast,2005,80.56465753424658
Ivory Coast,2006,78.7019230769231
Ivory Coast,2007,77.25906593406592
Ivory Coast,2008,79.64903581267215
Ivory Coast,2009,78.64505494505495
Ivory Coast,2010,80.56575342465752
Ivory Coast,2011,78.86923076923073
Ivory Coast,2012,79.85409836065574
Ivory Coast,2013,80.29315068493146
Ivory Coast,2014,80.30439560439555
Ivory Coast,2015,80.62060439560442
Ivory Coast,2016,81.30853994490349
Ivory Coast,2017,81.25479452054795
Ivory Coast,2018,81.39168975069252
Ivory Coast,2019,81.51749999999998
Ivory Coast,2020,83.60746268656712
Japan,1995,55.523652968036615
Japan,1996,54.4428961748633
Japan,1997,55.9392694063927
Japan,1998,56.52320441988953
Japan,1999,56.58626373626371
Japan,2000,55.88114754098355
Japan,2001,54.89315068493149
Japan,2002,55.79362880886426
Japan,2003,55.19954337899547
Japan,2004,57.167395264116564
Japan,2005,55.49168949771691
Japan,2006,56.2327853881278
Japan,2007,57.349816849816875
Japan,2008,56.6826166514181
Japan,2009,56.90265567765566
Japan,2010,57.44100456621
Japan,2011,56.59652968036533
Japan,2012,56.15127504553733
Japan,2013,57.083287671232874
Japan,2014,56.59542124542116
Japan,2015,57.8114468864469
Japan,2016,57.60617511520742
Japan,2017,56.643105022831094
Japan,2018,57.95868761552674
Japan,2019,57.82878365831017
Japan,2020,46.46094527363186
Jordan,1995,63.28986301369866
Jordan,1996,64.39016393442628
Jordan,1997,62.61287671232879
Jordan,1998,65.4631578947368
Jordan,1999,64.9392857142857
Jordan,2000,63.86256830601093
Jordan,2001,65.14986301369862
Jordan,2002,63.94847645429368
Jordan,2003,63.907692307692365
Jordan,2004,64.25956284153001
Jordan,2005,64.39123287671234
Jordan,2006,64.27178082191782
Jordan,2007,64.64065934065933
Jordan,2008,65.2115068493151
Jordan,2009,65.04340659340654
Jordan,2010,68.17808219178085
Jordan,2011,63.7961643835617
Jordan,2012,65.63524590163934
Jordan,2013,64.82479338842974
Jordan,2014,65.45412087912088
Jordan,2015,65.24697802197808
Jordan,2016,65.98646408839774
Jordan,2017,65.7386301369863
Jordan,2018,66.62825484764542
Jordan,2019,65.20473537604458
Jordan,2020,54.119402985074615
Kazakhstan,1995,48.61095890410961
Kazakhstan,1996,46.725683060109276
Kazakhstan,1997,50.07945205479448
Kazakhstan,1998,48.82936288088639
Kazakhstan,1999,49.84478021978023
Kazakhstan,2000,50.0172131147541
Kazakhstan,2001,49.96164383561642
Kazakhstan,2002,50.21385041551239
Kazakhstan,2003,48.06547945205484
Kazakhstan,2004,50.118852459016445
Kazakhstan,2005,49.28794520547944
Kazakhstan,2006,50.30739726027397
Kazakhstan,2007,49.71322314049586
Kazakhstan,2008,50.02609890109889
Kazakhstan,2009,49.071153846153884
Kazakhstan,2010,49.124657534246595
Kazakhstan,2011,48.47972602739725
Kazakhstan,2012,47.86994535519126
Kazakhstan,2013,51.31808219178086
Kazakhstan,2014,49.930303030303065
Kazakhstan,2015,53.32252747252745
Kazakhstan,2016,52.665927977839296
Kazakhstan,2017,52.13232876712327
Kazakhstan,2018,50.9306406685237
Kazakhstan,2019,53.12061281337047
Kazakhstan,2020,42.75187969924813
Kenya,1995,68.81245791245792
Kenya,1996,68.03693693693685
Kenya,1997,66.86888888888893
Kenya,1998,65.998406374502
Kenya,1999,67.93066666666665
Kenya,2000,65.96
Kenya,2001,65.20121212121208
Kenya,2002,65.81350210970463
Kenya,2003,66.67523809523802
Kenya,2004,67.55497076023399
Kenya,2005,68.3455089820359
Kenya,2006,69.31626016260164
Kenya,2010,66.17032967032966
Kenya,2011,66.74318181818181
Kenya,2012,67.5796703296703
Kenya,2013,67.1445454545454
Kenya,2014,67.23183279742764
Kenya,2015,67.86656804733727
Kenya,2016,67.95595238095234
Kenya,2017,68.650144092219
Kenya,2018,66.8605042016807
Kenya,2019,68.34341736694678
Kenya,2020,68.97443609022558
Kuwait,1995,79.04821917808218
Kuwait,1996,80.3704918032787
Kuwait,1997,79.12258953168046
Kuwait,1998,81.05789473684214
Kuwait,1999,81.26611570247928
Kuwait,2000,80.28224043715845
Kuwait,2001,80.78136986301375
Kuwait,2002,80.45055555555558
Kuwait,2003,80.8364383561644
Kuwait,2004,80.3918032786885
Kuwait,2005,80.01215469613265
Kuwait,2006,80.73150684931511
Kuwait,2007,80.47912087912086
Kuwait,2008,80.29148351648352
Kuwait,2009,80.40576923076925
Kuwait,2010,82.32912087912086
Kuwait,2011,79.76868131868129
Kuwait,2012,80.84159779614325
Kuwait,2013,80.20824175824177
Kuwait,2014,81.05439560439564
Kuwait,2015,81.6324099722992
Kuwait,2016,81.03555555555556
Kuwait,2017,81.6701657458563
Kuwait,2018,82.6441666666666
Kuwait,2019,81.59438202247192
Kuwait,2020,69.07164179104478
Kyrgyzstan,1997,28.993548387096777
Kyrgyzstan,1998,53.53356401384083
Kyrgyzstan,1999,52.750833333333375
Kyrgyzstan,2000,54.25683060109289
Kyrgyzstan,2001,53.37506849315075
Kyrgyzstan,2002,53.82686980609423
Kyrgyzstan,2003,53.25934065934063
Kyrgyzstan,2004,54.21612021857921
Kyrgyzstan,2005,53.78958904109593
Kyrgyzstan,2006,54.153698630137
Kyrgyzstan,2007,53.929281767955814
Kyrgyzstan,2008,53.82246575342463
Kyrgyzstan,2009,53.491184573002826
Kyrgyzstan,2010,54.137260273972586
Kyrgyzstan,2011,52.423287671232856
Kyrgyzstan,2012,52.36994535519127
Kyrgyzstan,2013,54.89643835616442
Kyrgyzstan,2014,51.88980716253444
Kyrgyzstan,2015,54.76620879120875
Kyrgyzstan,2016,54.83351800554017
Kyrgyzstan,2017,53.82767123287671
Kyrgyzstan,2018,52.832033426183884
Kyrgyzstan,2019,55.291364902507
Kyrgyzstan,2020,44.90075187969924
Laos,1995,82.02554945054943
Laos,1996,80.82383561643834
Laos,1997,81.53816155988868
Laos,1998,83.12612359550563
Laos,1999,80.71795580110489
Laos,2000,80.7754098360655
Laos,2001,81.36563380281694
Laos,2002,80.90777777777774
Laos,2003,80.73956043956044
Laos,2004,80.20819672131145
Laos,2005,80.8813698630137
Laos,2006,80.73643835616444
Laos,2007,80.52390109890108
Laos,2008,78.98598901098893
Laos,2009,80.87362637362634
Laos,2010,81.95397260273981
Laos,2011,79.9073972602739
Laos,2012,82.05027322404366
Laos,2013,81.41479452054793
Laos,2014,81.00494505494503
Laos,2015,81.60851648351652
Laos,2016,81.56022099447517
Laos,2017,80.4443835616438
Laos,2018,80.38033240997228
Laos,2019,81.71249999999992
Laos,2020,81.5694029850746
Latvia,1995,45.01895604395606
Latvia,1996,41.988524590163955
Latvia,1997,45.501095890410944
Latvia,1998,42.43525641025639
Latvia,1999,46.96071428571431
Latvia,2000,47.63698630136987
Latvia,2001,45.970958904109594
Latvia,2002,46.70831024930746
Latvia,2003,45.67205479452051
Latvia,2004,45.17295081967211
Latvia,2005,45.1082191780822
Latvia,2006,45.66986301369866
Latvia,2007,46.0892857142857
Latvia,2008,46.52252747252742
Latvia,2009,44.640934065934076
Latvia,2010,42.66
Latvia,2011,45.48109589041091
Latvia,2012,43.52923497267759
Latvia,2013,45.147397260274
Latvia,2014,46.119780219780225
Latvia,2015,46.88324175824176
Latvia,2016,45.78209366391181
Latvia,2017,45.16054794520549
Latvia,2018,46.66657458563534
Latvia,2019,47.351253481894176
Latvia,2020,39.82686567164178
Lebanon,1995,69.14821917808217
Lebanon,1996,69.34098360655736
Lebanon,1997,68.6424657534247
Lebanon,1998,70.43130193905816
Lebanon,1999,70.56181318681324
Lebanon,2000,69.42349726775956
Lebanon,2001,70.93205479452057
Lebanon,2002,70.27950138504156
Lebanon,2003,70.11972602739726
Lebanon,2004,69.7379781420765
Lebanon,2005,69.6526027397261
Lebanon,2006,69.20225988700565
Lebanon,2007,70.22417582417579
Lebanon,2008,70.4546703296703
Lebanon,2009,70.73626373626368
Lebanon,2010,72.6569863013698
Lebanon,2011,70.00301369863013
Lebanon,2012,70.87076502732238
Lebanon,2013,70.90547945205483
Lebanon,2014,71.217032967033
Lebanon,2015,70.97664835164834
Lebanon,2016,71.40773480662986
Lebanon,2017,70.94242424242421
Lebanon,2018,72.11464788732388
Lebanon,2019,71.12234636871511
Lebanon,2020,61.464179104477616
Macedonia,1995,54.7816384180791
Macedonia,1996,55.26942148760328
Macedonia,1997,54.949041095890394
Macedonia,1998,55.55706371191134
Macedonia,1999,54.726648351648414
Macedonia,2000,54.17185792349724
Macedonia,2001,54.41178082191789
Macedonia,2002,53.732132963988896
Macedonia,2003,54.65851648351651
Macedonia,2004,54.07978142076503
Macedonia,2005,53.053698630136985
Macedonia,2006,53.416164383561586
Macedonia,2007,55.68763736263738
Macedonia,2008,55.88379120879125
Macedonia,2009,54.623076923076944
Macedonia,2010,55.22301369863019
Macedonia,2011,53.74986301369865
Macedonia,2012,55.05081967213109
Macedonia,2013,55.56575342465754
Macedonia,2014,55.75219780219777
Macedonia,2015,55.31181318681322
Macedonia,2016,54.910497237569054
Macedonia,2017,54.86904109589045
Macedonia,2018,56.01385041551242
Macedonia,2019,56.80863509749303
Macedonia,2020,44.533582089552255
Madagascar,1995,66.2354570637119
Madagascar,1996,65.7337912087912
Madagascar,1997,66.86541786743516
Madagascar,1998,65.32076023391814
Madagascar,1999,65.13735632183909
Madagascar,2000,65.1139941690962
Madagascar,2001,66.20657534246575
Madagascar,2002,65.93019390581725
Madagascar,2003,65.8631868131868
Madagascar,2004,65.35382513661202
Madagascar,2005,65.53671232876721
Madagascar,2006,65.42794520547946
Madagascar,2007,65.55055248618787
Madagascar,2008,65.18246575342464
Madagascar,2009,65.87664835164834
Madagascar,2010,66.6101369863014
Madagascar,2011,66.65999999999994
Madagascar,2012,54.404098360655574
Madagascar,2013,64.36465753424662
Madagascar,2014,66.28873626373625
Madagascar,2015,66.21868131868125
Madagascar,2016,65.65911602209938
Madagascar,2017,66.2049315068493
Madagascar,2018,65.99116022099446
Madagascar,2019,67.19860724233985
Madagascar,2020,69.439552238806
Malawi,1995,68.8954732510288
Malawi,1996,69.91932773109241
Malawi,1997,68.17662835249041
Malawi,1998,71.4009950248756
Malawi,1999,70.32866666666665
Malawi,2000,66.4573529411765
Malawi,2001,68.01199999999999
Malawi,2002,72.18031496062984
Malawi,2003,70.97200000000001
Malawi,2006,69.9
Malawi,2010,72.20881226053643
Malawi,2011,71.28198757763981
Malawi,2012,71.68640776699027
Malawi,2013,69.78899999999997
Malaysia,1995,81.55399449035814
Malaysia,1996,81.5560439560439
Malaysia,1997,81.97190082644632
Malaysia,1998,83.92086956521737
Malaysia,1999,81.24478021978018
Malaysia,2000,81.77707182320438
Malaysia,2001,81.98191780821918
Malaysia,2002,82.709972299169
Malaysia,2003,82.15315068493148
Malaysia,2004,82.09262295081963
Malaysia,2005,83.10027397260275
Malaysia,2006,81.65917808219181
Malaysia,2007,81.28214285714287
Malaysia,2008,80.91780821917803
Malaysia,2009,81.91098901098896
Malaysia,2010,83.42794520547947
Malaysia,2011,83.06739726027394
Malaysia,2012,82.97950819672128
Malaysia,2013,82.33534246575341
Malaysia,2014,82.43241758241751
Malaysia,2015,82.73928571428569
Malaysia,2016,83.4618784530387
Malaysia,2017,82.25808219178087
Malaysia,2018,82.01388888888889
Malaysia,2019,82.97242339832877
Malaysia,2020,83.80970149253731
Mauritania,1995,77.87949438202244
Mauritania,1996,78.13899371069182
Mauritania,1997,79.42616279069763
Mauritania,1998,78.95686274509802
Mauritania,1999,76.91855072463765
Mauritania,2000,77.58250000000001
Mauritania,2001,78.69606741573031
Mauritania,2002,77.76327683615823
Mauritania,2003,77.51033519553071
Mauritania,2004,77.61685082872927
Mauritania,2005,78.54401114206128
Mauritania,2006,78.27016574585642
Mauritania,2007,77.82782369146005
Mauritania,2008,78.6838888888888
Mauritania,2009,77.1901098901099
Mauritania,2010,78.93315068493155
Mauritania,2011,77.21315068493152
Mauritania,2012,77.89508196721309
Mauritania,2013,78.57698630136989
Mauritania,2014,77.62362637362642
Mauritania,2015,78.80604395604392
Mauritania,2016,78.40666666666671
Mauritania,2017,78.293567251462
Mauritania,2018,70.25
Mexico,1995,70.36217732884406
Mexico,1996,69.30169491525432
Mexico,1997,68.44496021220158
Mexico,1998,71.09475862068966
Mexico,1999,69.43645943097992
Mexico,2000,68.95987963891676
Mexico,2001,68.75888888888893
Mexico,2002,68.96233766233767
Mexico,2003,68.81958762886603
Mexico,2004,68.44817596566517
Mexico,2005,69.80034052213395
Mexico,2006,69.34028436018959
Mexico,2007,68.43822525597263
Mexico,2008,68.721349862259
Mexico,2009,70.03763736263731
Mexico,2010,68.50057077625569
Mexico,2011,69.99265267175576
Mexico,2012,69.60643330179742
Mexico,2013,68.92471264367828
Mexico,2014,68.10789980732163
Mexico,2015,68.29090009891192
Mexico,2016,68.8178916827854
Mexico,2017,68.93145539906106
Mexico,2018,67.96993339676489
Mexico,2019,69.63805060918463
Mexico,2020,68.13881748071981
Mongolia,1995,31.9356164383562
Mongolia,1996,30.543943661971806
Mongolia,1997,33.21215469613261
Mongolia,1998,32.966944444444444
Mongolia,1999,31.30879120879119
Mongolia,2000,30.028688524590155
Mongolia,2001,29.4131506849315
Mongolia,2002,29.699168975069252
Mongolia,2003,29.5912087912088
Mongolia,2004,31.490710382513658
Mongolia,2005,29.940547945205488
Mongolia,2006,30.992328767123286
Mongolia,2007,33.33763736263739
Mongolia,2008,31.739178082191813
Mongolia,2009,30.216758241758246
Mongolia,2010,28.467397260273962
Mongolia,2011,27.858904109589027
Mongolia,2012,26.251092896174864
Mongolia,2013,28.99890410958905
Mongolia,2014,30.47774725274727
Mongolia,2015,31.868131868131886
Mongolia,2016,29.361325966850828
Mongolia,2017,31.123561643835593
Mongolia,2018,31.03861111111111
Mongolia,2019,31.045277777777766
Mongolia,2020,17.42164179104478
Morocco,1995,64.79369863013699
Morocco,1996,63.50983606557379
Morocco,1997,64.58876712328765
Morocco,1998,63.822005571030665
Morocco,1999,62.812912087912125
Morocco,2000,63.35245901639344
Morocco,2001,63.956164383561706
Morocco,2002,63.30609418282555
Morocco,2003,63.8153846153846
Morocco,2004,63.39672131147545
Morocco,2005,62.972602739726085
Morocco,2006,64.0693150684932
Morocco,2007,62.96280991735538
Morocco,2008,62.97162534435264
Morocco,2009,61.86373626373628
Morocco,2010,64.51381215469614
Morocco,2011,63.72383561643836
Morocco,2012,62.62868852459014
Morocco,2013,62.916483516483524
Morocco,2014,63.53489010989009
Morocco,2015,63.70576923076919
Morocco,2016,64.19862258953175
Morocco,2017,64.20931506849317
Morocco,2018,62.52292817679554
Morocco,2019,62.38440111420613
Morocco,2020,57.94253731343289
Mozambique,1995,74.4183844011142
Mozambique,1996,74.1400621118013
Mozambique,1997,73.9665644171779
Mozambique,1998,75.17703488372094
Mozambique,1999,74.85158501440928
Mozambique,2000,74.18338762214971
Mozambique,2001,74.75042492917852
Mozambique,2002,74.92216066481993
Mozambique,2003,75.1899135446686
Mozambique,2004,74.71213872832371
Mozambique,2005,74.53081395348836
Mozambique,2006,73.98478873239445
Mozambique,2007,75.10756302521015
Mozambique,2008,74.75604395604394
Mozambique,2009,74.50279329608938
Mozambique,2010,75.11276595744683
Mozambique,2011,78.6480769230769
Mozambique,2012,73.46220238095245
Mozambique,2013,74.00786516853934
Mozambique,2014,74.61836158192088
Mozambique,2015,75.14132231404966
Mozambique,2016,74.81104972375692
Mozambique,2017,74.42617079889807
Mozambique,2018,74.77146892655364
Mozambique,2019,75.27103064066853
Mozambique,2020,77.71865671641794
Myanmar (Burma),1996,81.32203856749315
Myanmar (Burma),1997,81.7553008595989
Myanmar (Burma),1998,83.08489425981874
Myanmar (Burma),1999,81.23694915254237
Myanmar (Burma),2000,80.84550561797757
Myanmar (Burma),2001,81.20876712328769
Myanmar (Burma),2002,81.94777777777776
Myanmar (Burma),2003,81.72197802197796
Myanmar (Burma),2004,81.7221917808219
Myanmar (Burma),2005,82.3841095890411
Myanmar (Burma),2006,82.19831932773107
Myanmar (Burma),2007,81.6454545454545
Myanmar (Burma),2008,81.32774725274724
Myanmar (Burma),2009,82.22554945054942
Myanmar (Burma),2010,83.26383561643833
Myanmar (Burma),2011,81.57032967032964
Myanmar (Burma),2012,82.24125683060112
Myanmar (Burma),2013,81.60958904109589
Myanmar (Burma),2014,81.15424657534237
Myanmar (Burma),2015,81.81346153846151
Myanmar (Burma),2016,82.43884297520661
Myanmar (Burma),2017,82.44876712328762
Myanmar (Burma),2018,81.95027624309388
Myanmar (Burma),2019,82.14972222222227
Myanmar (Burma),2020,82.54552238805971
Namibia,1995,69.15821727019495
Namibia,1996,68.39041095890414
Namibia,1997,67.58407821229052
Namibia,1998,71.33732590529253
Namibia,1999,68.75110497237571
Namibia,2000,68.03626062322942
Namibia,2001,71.00393700787403
Namibia,2002,73.01190476190477
Namibia,2003,73.87516778523488
Namibia,2004,70.07147335423195
Namibia,2005,70.92760563380283
Namibia,2006,64.76786703601107
Namibia,2007,68.64156976744187
Namibia,2008,67.19916666666668
Namibia,2009,67.96600566572236
Namibia,2010,69.52760563380278
Namibia,2011,65.62607361963188
Namibia,2012,68.75883977900554
Namibia,2013,70.54293628808861
Namibia,2014,67.56422535211266
Namibia,2015,69.67943661971829
Namibia,2016,70.88753541076488
Namibia,2017,69.0702777777778
Namibia,2018,70.32656250000004
Namibia,2019,72.07977207977207
Namibia,2020,72.19850746268656
Nepal,1995,64.75518518518518
Nepal,1996,64.21891025641028
Nepal,1997,58.15454545454545
Nepal,1998,67.64069400630909
Nepal,1999,68.21140065146581
Nepal,2000,65.76699346405232
Nepal,2001,65.99582172701952
Nepal,2002,66.30518731988475
Nepal,2003,67.14931129476584
Nepal,2004,67.49720670391063
Nepal,2005,68.19119318181816
Nepal,2006,64.53515151515153
Nepal,2007,65.03571428571432
Nepal,2008,68.58753541076487
Nepal,2009,70.07463976945236
Nepal,2010,69.6182608695652
Nepal,2011,67.0556473829201
Nepal,2012,67.09359331476327
Nepal,2013,65.03165266106441
Nepal,2014,64.57939560439561
Nepal,2015,64.57087912087916
Nepal,2016,65.51160220994471
Nepal,2017,65.55726027397262
Nepal,2018,64.85207756232683
Nepal,2019,64.96055555555559
Nepal,2020,57.9686567164179
New Zealand,1995,59.68406593406594
New Zealand,1996,59.46448087431691
New Zealand,1997,58.703287671232886
New Zealand,1998,61.25429362880883
New Zealand,1999,60.20851648351657
New Zealand,2000,59.89123287671236
New Zealand,2001,59.79035812672183
New Zealand,2002,59.51538461538459
New Zealand,2003,59.29775910364143
New Zealand,2004,58.54672131147537
New Zealand,2005,60.49178082191782
New Zealand,2006,59.02547945205483
New Zealand,2007,59.72829670329669
New Zealand,2008,59.88434065934067
New Zealand,2009,58.86291208791209
New Zealand,2010,60.24999999999994
New Zealand,2011,60.109041095890426
New Zealand,2012,59.112777777777765
New Zealand,2013,60.44109589041094
New Zealand,2014,59.67307692307691
New Zealand,2015,59.75824175824174
New Zealand,2016,60.883701657458566
New Zealand,2017,60.52219178082192
New Zealand,2018,60.579501385041546
New Zealand,2019,60.56267409470755
New Zealand,2020,65.10373134328361
Nicaragua,1995,79.01463414634144
Nicaragua,1996,79.85560000000001
Nicaragua,1997,81.91041095890407
Nicaragua,1998,83.04583333333335
Nicaragua,1999,81.09148351648355
Nicaragua,2000,81.42444444444443
Nicaragua,2001,82.07225274725279
Nicaragua,2002,82.14916666666667
Nicaragua,2003,81.90607734806633
Nicaragua,2004,81.52916666666664
Nicaragua,2005,81.57961432506875
Nicaragua,2006,81.80798898071632
Nicaragua,2007,81.72362637362637
Nicaragua,2008,81.1734636871508
Nicaragua,2009,81.91703296703297
Nicaragua,2010,81.41662049861499
Nicaragua,2011,81.19203296703303
Nicaragua,2012,81.23205479452054
Nicaragua,2013,81.91863013698625
Nicaragua,2014,82.54931129476589
Nicaragua,2015,83.11717451523548
Nicaragua,2016,82.69146005509637
Nicaragua,2017,81.49041095890406
Nicaragua,2018,81.28555555555548
Nicaragua,2019,82.13593314763236
Nicaragua,2020,82.916814159292
Nigeria,1995,85.40166666666663
Nigeria,1996,85.77534626038779
Nigeria,1997,85.85581395348838
Nigeria,1998,85.34302670623146
Nigeria,1999,83.22067901234563
Nigeria,2000,84.4618843683083
Nigeria,2001,83.15096153846157
Nigeria,2002,83.64972375690604
Nigeria,2003,84.34647302904573
Nigeria,2004,84.17490909090914
Nigeria,2005,84.80189655172414
Nigeria,2006,84.57492012779555
Nigeria,2007,83.94581993569138
Nigeria,2008,82.782793867121
Nigeria,2009,83.55972222222216
Nigeria,2010,83.92572614107873
Nigeria,2011,83.28724279835389
Nigeria,2012,82.97239944521506
Nigeria,2013,83.39642346208863
Nigeria,2014,83.75834633385338
Nigeria,2015,83.69395770392752
Nigeria,2016,84.24171270718227
Nigeria,2017,83.79054878048778
Nigeria,2018,84.066713483146
Nigeria,2019,84.09342657342658
Nigeria,2020,85.74402985074617
North Korea,1995,51.12876712328768
North Korea,1996,50.773224043715864
North Korea,1997,51.569315068493125
North Korea,1998,53.757983193277255
North Korea,1999,52.54462809917356
North Korea,2000,51.10969529085868
North Korea,2001,51.050410958904145
North Korea,2002,51.22
North Korea,2003,52.000828729281736
North Korea,2004,52.65280898876405
North Korea,2005,49.97987804878048
North Korea,2006,51.833746130030946
North Korea,2007,55.87607973421928
North Korea,2008,52.35961538461539
North Korea,2009,52.05521126760564
North Korea,2010,51.11703296703294
North Korea,2011,51.22382271468144
North Korea,2012,50.684426229508226
North Korea,2013,51.49534246575345
North Korea,2014,53.21763085399447
North Korea,2015,53.10796703296702
North Korea,2016,53.02742382271467
North Korea,2017,52.25452054794521
North Korea,2018,52.11810584958218
North Korea,2019,53.29610027855157
North Korea,2020,40.838345864661655
Norway,1995,39.963287671232884
Norway,1996,38.246994535519136
Norway,1997,42.53835616438354
Norway,1998,41.29196675900274
Norway,1999,41.968406593406606
Norway,2000,43.63415300546447
Norway,2001,40.435616438356156
Norway,2002,41.253185595567864
Norway,2003,41.80301369863012
Norway,2004,42.11994535519124
Norway,2005,42.87999999999999
Norway,2006,43.17397260273973
Norway,2007,42.51515151515151
Norway,2008,43.632443820224715
Norway,2009,41.21483516483513
Norway,2010,37.09999999999997
Norway,2011,42.47315068493148
Norway,2012,40.830601092896174
Norway,2013,41.175890410958914
Norway,2014,44.24368131868128
Norway,2015,43.11483516483515
Norway,2016,42.5013812154696
Norway,2017,41.874520547945195
Norway,2018,42.899723756906106
Norway,2019,42.12952646239556
Norway,2020,37.045522388059716
Oman,1995,90.75
Oman,2001,83.33724928366762
Oman,2002,83.5945558739255
Oman,2003,82.765
Oman,2004,83.69686609686607
Oman,2005,83.19279778393354
Oman,2006,83.08955223880602
Oman,2007,80.522
Oman,2008,82.67570621468928
Oman,2009,84.6511976047904
Oman,2010,84.53562874251493
Oman,2011,83.24822006472495
Oman,2012,79.78465608465609
Oman,2013,82.12762430939223
Oman,2014,82.54169491525421
Oman,2015,84.49077380952386
Oman,2016,82.9623456790123
Oman,2017,81.26693877551021
Oman,2018,83.57298850574709
Oman,2019,79.8266666666667
Pakistan,1995,74.79246575342472
Pakistan,1996,74.56268861454038
Pakistan,1997,74.13425797503467
Pakistan,1998,76.08030726256985
Pakistan,1999,76.92963503649638
Pakistan,2000,79.21173553719007
Pakistan,2001,76.50494505494517
Pakistan,2002,76.54392655367234
Pakistan,2003,75.68260273972602
Pakistan,2004,76.27267759562854
Pakistan,2005,75.08972602739725
Pakistan,2006,76.5163461538461
Pakistan,2007,76.20879120879133
Pakistan,2008,75.53237311385459
Pakistan,2009,76.53787878787877
Pakistan,2010,76.61904109589027
Pakistan,2011,75.77917808219175
Pakistan,2012,75.67937158469948
Pakistan,2013,76.01465753424667
Pakistan,2014,75.42170329670337
Pakistan,2015,76.00700549450549
Pakistan,2016,76.96074380165292
Pakistan,2017,76.4925925925925
Pakistan,2018,76.97700831024932
Pakistan,2019,74.60934579439247
Pakistan,2020,69.09578544061301
Panama,1995,79.78712328767129
Panama,1996,79.42185792349726
Panama,1997,81.85287671232875
Panama,1998,82.24099722991687
Panama,1999,80.8343406593406
Panama,2000,81.26038251366126
Panama,2001,80.35509641873278
Panama,2002,82.17750000000001
Panama,2003,82.10304709141275
Panama,2004,81.81476323119779
Panama,2005,80.90027472527468
Panama,2006,80.4387811634349
Panama,2007,80.90083333333337
Panama,2008,80.46955307262574
Panama,2009,81.21813186813188
Panama,2010,81.15977961432509
Panama,2011,80.13342465753426
Panama,2012,80.93251366120218
Panama,2013,81.34999999999995
Panama,2014,81.55564738292014
Panama,2015,82.42243767313019
Panama,2016,81.01194444444444
Panama,2017,80.27493112947657
Panama,2018,79.89554317548749
Panama,2019,80.60557103064069
Panama,2020,81.89402985074626
Peru,1995,66.74410958904105
Peru,1996,65.08060109289616
Peru,1997,71.93095890410959
Peru,1998,69.50221606648196
Peru,1999,66.75054945054943
Peru,2000,65.70191780821915
Peru,2001,65.16914600550966
Peru,2002,66.2236111111111
Peru,2003,65.73121546961325
Peru,2004,66.5786885245902
Peru,2005,66.30794520547947
Peru,2006,67.40219178082191
Peru,2007,65.4332417582417
Peru,2008,67.47774725274722
Peru,2009,67.7458791208791
Peru,2010,66.65917808219174
Peru,2011,66.97726027397253
Peru,2012,68.47295081967206
Peru,2013,66.15643835616444
Peru,2014,67.5351648351648
Peru,2015,69.61708074534167
Philippines,1995,80.56739726027399
Philippines,1996,81.3609289617486
Philippines,1997,81.78547945205473
Philippines,1998,83.17944444444446
Philippines,1999,81.43911845730034
Philippines,2000,81.9043715846994
Philippines,2001,82.32148760330578
Philippines,2002,82.05305555555555
Philippines,2003,82.05386740331491
Philippines,2004,82.05765027322398
Philippines,2005,82.17479452054793
Philippines,2006,82.36082191780815
Philippines,2007,82.56758241758246
Philippines,2008,81.94848484848485
Philippines,2009,81.66538461538457
Philippines,2010,83.27972602739727
Philippines,2011,81.82931506849319
Philippines,2012,82.40983606557384
Philippines,2013,82.76098901098895
Philippines,2014,82.56969696969699
Philippines,2015,83.01483516483509
Philippines,2016,83.65828729281772
Philippines,2017,83.10246575342462
Philippines,2018,83.07611111111113
Philippines,2019,83.48133704735379
Philippines,2020,83.81567164179106
Poland,1995,46.90794520547944
Poland,1996,44.39234972677595
Poland,1997,46.25452054794521
Poland,1998,47.00055401662052
Poland,1999,48.453571428571436
Poland,2000,49.37295081967212
Poland,2001,47.099178082191784
Poland,2002,48.57036011080335
Poland,2003,47.0682191780822
Poland,2004,47.23825136612019
Poland,2005,47.60136986301368
Poland,2006,48.2827397260274
Poland,2007,49.52692307692308
Poland,2008,49.714010989010994
Poland,2009,47.840109890109865
Poland,2010,46.33561643835618
Poland,2011,48.36821917808219
Poland,2012,47.6601092896175
Poland,2013,48.01205479452053
Poland,2014,49.61263736263733
Poland,2015,50.99587912087909
Poland,2016,49.86546961325968
Poland,2017,49.20657534246575
Poland,2018,51.29750692520779
Poland,2019,51.84540389972146
Poland,2020,42.59776119402985
Portugal,1995,64.39123287671232
Portugal,1996,62.84672131147539
Portugal,1997,64.80027472527469
Portugal,1998,63.7467966573816
Portugal,1999,63.27024793388434
Portugal,2000,62.27650273224043
Portugal,2001,62.21917808219184
Portugal,2002,62.320775623268766
Portugal,2003,63.05835616438352
Portugal,2004,62.655616438356134
Portugal,2005,62.73653846153846
Portugal,2006,63.497527472527466
Portugal,2007,62.444198895027604
Portugal,2008,62.32383561643839
Portugal,2009,64.0804945054945
Portugal,2010,63.18027397260279
Portugal,2011,63.33324175824177
Portugal,2012,61.04904109589037
Portugal,2013,61.39118457300275
Portugal,2014,61.78104395604393
Portugal,2015,62.1198347107438
Portugal,2016,62.2334254143646
Portugal,2017,62.83068493150683
Portugal,2018,61.345983379501426
Portugal,2019,61.94011142061285
Portugal,2020,56.450375939849636
Qatar,1995,80.6534246575342
Qatar,1996,81.52747252747255
Qatar,1997,80.69228650137734
Qatar,1998,83.07783933518009
Qatar,1999,83.42032967032964
Qatar,2000,82.26885245901634
Qatar,2001,82.98684931506853
Qatar,2002,82.69307479224369
Qatar,2003,82.76958904109587
Qatar,2004,82.71475409836069
Qatar,2005,82.35698630136989
Qatar,2006,82.7961643835616
Qatar,2007,82.91730769230773
Qatar,2008,82.52912087912081
Qatar,2009,83.25384615384624
Qatar,2010,84.45260273972603
Qatar,2011,83.32575342465758
Qatar,2012,83.7991803278688
Qatar,2013,83.26739726027397
Qatar,2014,84.00769230769228
Qatar,2015,84.31132596685077
Qatar,2016,84.03093922651928
Qatar,2017,84.36876712328761
Qatar,2018,84.91916666666673
Qatar,2019,84.40055710306403
Qatar,2020,73.62014925373134
Romania,1995,51.0082191780822
Romania,1996,50.435792349726775
Romania,1997,50.346575342465776
Romania,1998,51.849447513812244
Romania,1999,53.31675824175825
Romania,2000,53.82759562841522
Romania,2001,52.98794520547949
Romania,2002,52.83822714681441
Romania,2003,51.93983516483516
Romania,2004,51.918032786885306
Romania,2005,51.490958904109604
Romania,2006,52.44986301369866
Romania,2007,54.72390109890109
Romania,2008,53.61593406593409
Romania,2009,53.77445054945052
Romania,2010,52.78547945205481
Romania,2011,52.03041095890415
Romania,2012,53.758469945355216
Romania,2013,53.59835616438359
Romania,2014,53.22829670329669
Romania,2015,54.5307692307692
Romania,2016,53.70248618784526
Romania,2017,53.39972602739727
Romania,2018,54.53287292817682
Romania,2019,55.58495821727023
Romania,2020,45.7410447761194
Russia,1995,48.81243093922645
Russia,1996,48.220273972602726
Russia,1997,47.42315068493147
Russia,1998,48.410941828254856
Russia,1999,49.51043956043958
Russia,2000,49.014480874316945
Russia,2001,48.56410958904113
Russia,2002,47.477839335180015
Russia,2003,47.88225308641972
Russia,2004,41.48934426229506
Russia,2005,42.09369863013696
Russia,2006,40.98301369863015
Russia,2007,43.896428571428594
Russia,2008,44.178296703296695
Russia,2009,42.51868131868131
Russia,2010,43.459452054794546
Russia,2011,43.42219178082191
Russia,2012,41.6275956284153
Russia,2013,43.32602739726026
Russia,2014,43.70934065934066
Russia,2015,44.6458791208791
Russia,2016,43.13646408839778
Russia,2017,42.47068493150683
Russia,2018,43.08861111111114
Russia,2019,45.19665738161559
Russia,2020,36.78283582089553
Saudi Arabia,1995,78.53945205479458
Saudi Arabia,1996,79.54972527472518
Saudi Arabia,1997,78.41150684931499
Saudi Arabia,1998,80.72229916897511
Saudi Arabia,1999,80.98859890109897
Saudi Arabia,2000,79.92759562841528
Saudi Arabia,2001,80.27928669410154
Saudi Arabia,2002,79.64903047091417
Saudi Arabia,2003,79.96598079561039
Saudi Arabia,2004,79.54030054644814
Saudi Arabia,2005,79.6413698630137
Saudi Arabia,2006,80.4412328767123
Saudi Arabia,2007,80.75618131868134
Saudi Arabia,2008,80.3431318681318
Saudi Arabia,2009,81.02815934065936
Saudi Arabia,2010,81.36917808219172
Saudi Arabia,2011,79.64326923076932
Saudi Arabia,2012,80.20662068965525
Saudi Arabia,2013,79.79191780821922
Saudi Arabia,2014,80.68038674033141
Saudi Arabia,2015,82.52936962750722
Saudi Arabia,2016,80.73825966850826
Saudi Arabia,2017,81.42293956043957
Saudi Arabia,2018,82.04847222222209
Saudi Arabia,2019,81.6639275766017
Saudi Arabia,2020,70.97752808988763
Senegal,1995,75.8230136986301
Senegal,1996,75.73934426229506
Senegal,1997,76.78021978021982
Senegal,1998,77.05263157894731
Senegal,1999,74.9716253443526
Senegal,2000,75.59173553719016
Senegal,2001,76.93041095890412
Senegal,2002,75.93826815642463
Senegal,2003,75.94383561643835
Senegal,2004,76.17431693989074
Senegal,2005,77.35369863013693
Senegal,2006,76.30136986301369
Senegal,2007,76.26895604395597
Senegal,2008,77.14285714285714
Senegal,2009,75.65521978021971
Senegal,2010,77.87232876712325
Senegal,2011,76.56438356164385
Senegal,2012,76.36202185792351
Senegal,2013,76.58082191780818
Senegal,2014,76.05357142857137
Senegal,2015,76.6027472527472
Senegal,2016,76.80856353591155
Senegal,2017,77.29178082191781
Senegal,2018,74.9913407821229
Senegal,2019,76.44707520891365
Senegal,2020,73.61268656716415
Serbia-Montenegro,1995,49.67664835164834
Serbia-Montenegro,1996,49.33989071038248
Serbia-Montenegro,1997,49.026027397260286
Serbia-Montenegro,1998,50.17479224376732
Serbia-Montenegro,1999,43.57572815533979
Serbia-Montenegro,2000,51.956010928961696
Serbia-Montenegro,2001,52.32444444444445
Serbia-Montenegro,2002,53.08700564971753
Serbia-Montenegro,2003,53.04986301369863
Serbia-Montenegro,2004,42.71499999999999
Sierra Leone,1995,82.936
Sierra Leone,1996,81.35058823529417
Sierra Leone,1997,82.41333333333333
Sierra Leone,2002,81.88181818181818
Sierra Leone,2003,81.21272189349118
Sierra Leone,2004,81.85826086956527
Sierra Leone,2005,82.05566343042071
Sierra Leone,2006,81.92056074766356
Sierra Leone,2007,81.52429577464784
Sierra Leone,2008,81.9597315436241
Sierra Leone,2009,80.99904458598724
Sierra Leone,2010,82.50833333333338
Sierra Leone,2011,81.27777777777774
Singapore,1995,81.75616438356167
Singapore,1996,81.63715846994529
Singapore,1997,82.96082191780825
Singapore,1998,83.12022160664812
Singapore,1999,81.6032967032967
Singapore,2000,81.57404371584707
Singapore,2001,81.70849315068493
Singapore,2002,82.60554016620505
Singapore,2003,82.0763736263736
Singapore,2004,82.23989071038253
Singapore,2005,82.51369863013694
Singapore,2006,82.0432876712329
Singapore,2007,81.65934065934064
Singapore,2008,81.56136986301372
Singapore,2009,82.37774725274723
Singapore,2010,82.67616438356166
Singapore,2011,81.75369863013697
Singapore,2012,81.70792349726776
Singapore,2013,81.92273972602752
Singapore,2014,82.36153846153844
Singapore,2015,82.97472527472529
Singapore,2016,83.29530386740333
Singapore,2017,81.98821917808219
Singapore,2018,82.3354570637119
Singapore,2019,83.32144846796658
Singapore,2020,83.0589552238806
Slovakia,1995,50.63945205479453
Slovakia,1996,48.36475409836068
Slovakia,1997,50.100273972602714
Slovakia,1998,51.81305555555558
Slovakia,1999,51.49917582417583
Slovakia,2000,53.20191256830598
Slovakia,2001,51.12
Slovakia,2002,52.37839335180057
Slovakia,2003,52.26528925619837
Slovakia,2004,50.97459016393443
Slovakia,2005,50.69424657534244
Slovakia,2006,51.80767123287676
Slovakia,2007,53.4804945054945
Slovakia,2008,53.10383561643834
Slovakia,2009,52.22747252747253
Slovakia,2010,50.053424657534194
Slovakia,2011,51.98986301369862
Slovakia,2012,52.88387978142072
Slovakia,2013,52.181095890410944
Slovakia,2014,53.95247252747252
Slovakia,2015,53.651923076923126
Slovakia,2016,52.35662983425414
Slovakia,2017,52.71945205479454
Slovakia,2018,54.251800554016576
Slovakia,2019,54.254038997214494
Slovakia,2020,44.66940298507463
South Africa,1995,61.338904109589
South Africa,1996,60.580601092896195
South Africa,1997,61.75150684931501
South Africa,1998,61.858448753462625
South Africa,1999,63.13159340659342
South Africa,2000,62.618032786885216
South Africa,2001,62.14465753424663
South Africa,2002,61.86371191135735
South Africa,2003,62.158791208791165
South Africa,2004,62.672131147541
South Africa,2005,62.09616438356167
South Africa,2006,62.43095890410961
South Africa,2007,62.56115702479333
South Africa,2008,62.5684065934066
South Africa,2009,63.24368131868126
South Africa,2010,62.76328767123285
South Africa,2011,62.468767123287634
South Africa,2012,62.616393442622886
South Africa,2013,62.70191780821919
South Africa,2014,63.298076923076884
South Africa,2015,62.93278236914599
South Africa,2016,63.36685082872926
South Africa,2017,62.64630136986301
South Africa,2018,62.820833333333354
South Africa,2019,63.06378830083567
South Africa,2020,67.01940298507462
South Korea,1995,51.75342465753425
South Korea,1996,51.634153005464505
South Korea,1997,52.60246575342461
South Korea,1998,54.815193370165765
South Korea,1999,53.78461538461544
South Korea,2000,52.37568306010932
South Korea,2001,52.44175824175824
South Korea,2002,53.080609418282584
South Korea,2003,53.14328767123286
South Korea,2004,54.84043715846998
South Korea,2005,52.293698630136966
South Korea,2006,54.021917808219214
South Korea,2007,54.07713498622586
South Korea,2008,53.93791208791209
South Korea,2009,53.74560439560439
South Korea,2010,53.08575342465748
South Korea,2011,52.625205479452084
South Korea,2012,52.728142076502735
South Korea,2013,53.1079452054794
South Korea,2014,54.58983516483514
South Korea,2015,55.18736263736262
South Korea,2016,55.46519337016579
South Korea,2017,54.13534246575351
South Korea,2018,54.24444444444441
South Korea,2019,55.094986072423396
South Korea,2020,43.53805970149256
Spain,1995,60.512968036529706
Spain,1996,59.12140255009099
Spain,1997,60.8254794520548
Spain,1998,59.663157894736834
Spain,1999,59.36190476190475
Spain,2000,58.68360655737711
Spain,2001,58.61369863013699
Spain,2002,59.49556786703598
Spain,2003,61.50411334552112
Spain,2004,60.2032786885246
Spain,2005,60.363926940639246
Spain,2006,60.82091324200917
Spain,2007,58.47225274725284
Spain,2008,58.89945054945055
Spain,2009,60.22637362637365
Spain,2010,58.78000000000003
Spain,2011,60.99899543378992
Spain,2012,60.145081967212995
Spain,2013,59.63835616438356
Spain,2014,61.477838827838895
Spain,2015,61.07179487179492
Spain,2016,60.63360957642726
Spain,2017,60.72456621004558
Spain,2018,60.44106813996322
Spain,2019,60.58841519925855
Spain,2020,53.832338308457715
Sri Lanka,1995,81.84747191011242
Sri Lanka,1996,81.1836206896552
Sri Lanka,1997,81.53136531365303
Sri Lanka,1998,82.82164634146338
Sri Lanka,1999,81.08655172413792
Sri Lanka,2000,81.01999999999995
Sri Lanka,2001,81.06988950276246
Sri Lanka,2002,80.8658333333334
Sri Lanka,2003,81.38547945205484
Sri Lanka,2004,81.03633879781414
Sri Lanka,2005,81.1827397260274
Sri Lanka,2006,81.15287671232879
Sri Lanka,2007,81.42445054945055
Sri Lanka,2008,81.01404958677682
Sri Lanka,2009,81.54093406593402
Sri Lanka,2010,81.56219178082188
Sri Lanka,2011,81.48438356164381
Sri Lanka,2012,81.52307692307687
Sri Lanka,2013,81.2720338983051
Sri Lanka,2014,81.3501377410468
Sri Lanka,2015,81.60219780219775
Sri Lanka,2016,82.37817679558015
Sri Lanka,2017,81.67479452054798
Sri Lanka,2018,80.65487465181066
Sri Lanka,2019,81.84401114206132
Sri Lanka,2020,83.14925373134332
Suriname,1995,79.67610062893075
Suriname,1996,79.40278637770902
Suriname,1997,78.90559701492533
Suriname,1998,79.83292682926832
Suriname,1999,79.05375
Suriname,2000,79.7609375
Suriname,2001,79.53850931677017
Suriname,2002,79.87058823529406
Suriname,2003,81.90687499999999
Suriname,2004,81.23790849673203
Suriname,2005,80.12056338028171
Suriname,2006,79.65164835164838
Suriname,2007,79.50090634441085
Suriname,2008,79.47342657342661
Suriname,2009,79.58339768339769
Suriname,2010,80.55172413793103
Suriname,2011,79.97371428571434
Suriname,2012,79.42404371584702
Suriname,2013,79.11671232876714
Suriname,2014,79.4738292011019
Suriname,2015,79.54120879120877
Suriname,2016,80.08991097922852
Suriname,2017,79.578021978022
Suriname,2018,79.2220963172805
Suriname,2019,79.84428969359327
Suriname,2020,79.22985074626867
Sweden,1995,44.551232876712334
Sweden,1996,43.33333333333337
Sweden,1997,45.30821917808218
Sweden,1998,44.05750000000001
Sweden,1999,47.086813186813224
Sweden,2000,47.27868852459015
Sweden,2001,45.733424657534236
Sweden,2002,46.59138888888885
Sweden,2003,46.08044077134984
Sweden,2004,45.04726775956285
Sweden,2005,45.6309589041096
Sweden,2006,46.569041095890405
Sweden,2007,46.294230769230744
Sweden,2008,46.86821917808219
Sweden,2009,45.21923076923077
Sweden,2010,42.040547945205475
Sweden,2011,46.610958904109566
Sweden,2012,44.27431693989073
Sweden,2013,45.18109589041101
Sweden,2014,47.06181318681319
Sweden,2015,46.572527472527426
Sweden,2016,45.876519337016575
Sweden,2017,45.47041095890408
Sweden,2018,47.06786703601107
Sweden,2019,46.57298050139274
Sweden,2020,39.836567164179115
Switzerland,1995,49.82726440988105
Switzerland,1996,48.236803652968064
Switzerland,1997,50.25100548446074
Switzerland,1998,50.19037927844594
Switzerland,1999,50.039796860572565
Switzerland,2000,51.06207839562445
Switzerland,2001,50.23043875685562
Switzerland,2002,50.82025901942643
Switzerland,2003,51.46550458715595
Switzerland,2004,50.10968036529679
Switzerland,2005,49.69926873857399
Switzerland,2006,51.01607305936066
Switzerland,2007,51.217216117216154
Switzerland,2008,50.413126709206914
Switzerland,2009,51.170146520146474
Switzerland,2010,49.20876712328772
Switzerland,2011,51.24977168949769
Switzerland,2012,50.14380692167582
Switzerland,2013,48.9783561643836
Switzerland,2014,51.538186813186805
Switzerland,2015,51.39963369963368
Switzerland,2016,50.38287292817679
Switzerland,2017,50.77004566210045
Switzerland,2018,52.53607770582802
Switzerland,2019,51.518198700092874
Switzerland,2020,45.115422885572194
Syria,1995,62.18011049723755
Syria,1996,63.32650273224045
Syria,1997,61.67032967032964
Syria,1998,64.40886426592803
Syria,1999,63.92637362637366
Syria,2000,63.09836065573772
Syria,2001,64.82520547945198
Syria,2002,63.81495844875342
Syria,2003,63.87637362637365
Syria,2004,63.36557377049187
Syria,2005,63.0106849315069
Syria,2006,62.87424657534244
Syria,2007,63.712362637362666
Syria,2008,63.92109589041087
Syria,2009,63.664560439560454
Syria,2010,66.69726027397256
Syria,2011,62.442191780821915
Syria,2012,65.07658402203859
Syria,2013,64.05150684931503
Syria,2014,64.43131868131863
Syria,2015,64.28898071625346
Syria,2016,65.2465714285714
Syria,2017,64.33944444444441
Syria,2018,65.87569060773477
Syria,2019,64.1944289693593
Syria,2020,52.95378787878791
Taiwan,1995,73.02356164383565
Taiwan,1996,73.39945355191254
Taiwan,1997,73.14767123287673
Taiwan,1998,74.60583333333331
Taiwan,1999,70.27594936708863
Taiwan,2000,73.22299651567945
Taiwan,2001,73.72701949860718
Taiwan,2002,75.00332409972306
Taiwan,2003,74.35824175824177
Taiwan,2004,73.47021857923505
Taiwan,2005,73.62301369863015
Taiwan,2006,74.38821917808215
Taiwan,2007,74.05494505494498
Taiwan,2008,74.15808219178085
Taiwan,2009,74.26895604395615
Taiwan,2010,73.77342465753425
Taiwan,2011,72.79397260273966
Taiwan,2012,73.29535519125689
Taiwan,2013,73.75479452054797
Taiwan,2014,74.00027472527474
Taiwan,2015,74.57939560439557
Taiwan,2016,74.72292817679559
Taiwan,2017,75.04301369863013
Taiwan,2018,75.45749999999997
Taiwan,2019,75.61587743732592
Taiwan,2020,68.64328358208952
Tajikistan,1995,52.47218543046355
Tajikistan,1996,59.47058823529414
Tajikistan,1997,67.0824242424243
Tajikistan,1998,62.88433734939758
Tajikistan,1999,67.71359649122809
Tajikistan,2000,61.02484472049693
Tajikistan,2001,61.32901960784315
Tajikistan,2002,60.48864265927979
Tajikistan,2003,59.30082191780823
Tajikistan,2004,61.16092896174864
Tajikistan,2005,59.85506849315075
Tajikistan,2006,61.33506849315064
Tajikistan,2007,60.42032967032957
Tajikistan,2008,60.53791208791208
Tajikistan,2009,60.068131868131815
Tajikistan,2010,61.10493150684931
Tajikistan,2011,60.701095890410954
Tajikistan,2012,58.573224043715896
Tajikistan,2013,61.01013698630141
Tajikistan,2014,59.31483516483513
Tajikistan,2015,61.2032967032967
Tajikistan,2016,62.52176308539946
Tajikistan,2017,61.80191780821921
Tajikistan,2018,61.65509641873278
Tajikistan,2019,61.366666666666745
Tajikistan,2020,50.42537313432833
Tanzania,1995,78.24149855907783
Tanzania,1996,77.84457142857141
Tanzania,1997,78.38387096774193
Tanzania,1998,79.07587301587306
Tanzania,1999,77.78996655518401
Tanzania,2000,78.5991701244813
Tanzania,2001,78.00116731517511
Tanzania,2002,78.1459016393442
Tanzania,2003,79.39164179104479
Tanzania,2004,78.4260479041916
Tanzania,2005,79.54092219020174
Tanzania,2006,79.13511235955056
Tanzania,2007,79.43571428571427
Tanzania,2008,78.7709770114943
Tanzania,2009,79.52541899441341
Tanzania,2010,80.4705882352941
Tanzania,2011,79.37444444444446
Tanzania,2012,79.32445054945059
Tanzania,2013,79.61652892561983
Tanzania,2014,79.61388888888892
Tanzania,2015,80.33805555555554
Tanzania,2016,80.22861111111106
Tanzania,2017,79.81534246575342
Tanzania,2018,79.53770949720673
Tanzania,2019,80.14888888888888
Tanzania,2020,81.64552238805969
Thailand,1996,84.32213114754093
Thailand,1997,85.98931506849317
Thailand,1998,83.8398891966759
Thailand,1999,81.70769230769231
Thailand,2000,82.2975409836066
Thailand,2001,82.64876712328766
Thailand,2002,84.7290858725762
Thailand,2003,84.49232876712318
Thailand,2004,84.70273224043717
Thailand,2005,85.05506849315066
Thailand,2006,85.13972602739727
Thailand,2007,84.2365384615385
Thailand,2008,83.19164345403904
Thailand,2009,83.20659340659338
Thailand,2010,84.15232876712318
Thailand,2011,82.7841059602649
The Netherlands,1995,50.892876712328764
The Netherlands,1996,47.448907103825164
The Netherlands,1997,50.488219178082176
The Netherlands,1998,51.12243767313019
The Netherlands,1999,52.057692307692356
The Netherlands,2000,51.838524590164006
The Netherlands,2001,51.153424657534295
The Netherlands,2002,51.602216066482
The Netherlands,2003,51.27095890410957
The Netherlands,2004,51.27896174863387
The Netherlands,2005,51.748493150684936
The Netherlands,2006,52.442191780821915
The Netherlands,2007,52.599450549450545
The Netherlands,2008,51.48794520547948
The Netherlands,2009,51.309065934065906
The Netherlands,2010,48.611232876712336
The Netherlands,2011,51.88219178082195
The Netherlands,2012,50.72841530054642
The Netherlands,2013,49.93232876712329
The Netherlands,2014,53.32994505494503
The Netherlands,2015,51.86703296703299
The Netherlands,2016,51.808011049723746
The Netherlands,2017,52.110410958904126
The Netherlands,2018,52.8475
The Netherlands,2019,52.47186629526457
The Netherlands,2020,46.828358208955244
Togo,1995,81.33354037267081
Togo,1996,81.51892857142859
Togo,1997,80.90114068441065
Togo,1998,82.04984520123837
Togo,1999,81.26792452830198
Togo,2000,81.16239554317545
Togo,2001,81.00137362637362
Togo,2002,81.32861842105257
Togo,2003,81.35702005730664
Togo,2004,81.0096153846154
Togo,2005,81.25178082191782
Togo,2006,81.77253731343286
Togo,2007,80.92994505494508
Togo,2008,81.23730886850153
Togo,2009,81.30247252747259
Togo,2010,81.98547945205475
Togo,2011,81.10391061452509
Togo,2012,81.01693989071042
Togo,2013,81.5090410958904
Togo,2014,81.42417582417586
Togo,2015,81.6879120879121
Togo,2016,82.17348066298345
Togo,2017,81.98681318681317
Togo,2018,81.88515406162466
Togo,2019,82.27724719101126
Togo,2020,84.13656716417907
Tunisia,1995,66.70465753424659
Tunisia,1996,65.71639344262292
Tunisia,1997,67.09150684931514
Tunisia,1998,66.59999999999998
Tunisia,1999,67.71346153846152
Tunisia,2000,67.11967213114758
Tunisia,2001,67.51260273972602
Tunisia,2002,66.86952908587257
Tunisia,2003,67.79504132231406
Tunisia,2004,66.46721311475405
Tunisia,2005,66.2350684931507
Tunisia,2006,67.49260273972604
Tunisia,2007,67.17170329670334
Tunisia,2008,67.34972527472523
Tunisia,2009,67.28434065934064
Tunisia,2010,67.15178082191777
Tunisia,2011,67.13698630136986
Tunisia,2012,68.20247252747252
Tunisia,2013,67.30219178082193
Tunisia,2014,68.27500000000002
Tunisia,2015,67.41785714285714
Tunisia,2016,67.67762430939229
Tunisia,2017,67.02301369863012
Tunisia,2018,67.28365650969532
Tunisia,2019,67.40584958217273
Tunisia,2020,59.53208955223882
Turkey,1995,54.39369863013698
Turkey,1996,54.144945355191275
Turkey,1997,52.80972602739726
Turkey,1998,55.64349030470925
Turkey,1999,56.02101648351652
Turkey,2000,54.265573770491756
Turkey,2001,56.73534246575345
Turkey,2002,54.856786703601145
Turkey,2003,54.85939643347051
Turkey,2004,54.528961748633904
Turkey,2005,54.828630136986256
Turkey,2006,54.81821917808214
Turkey,2007,56.759065934065895
Turkey,2008,55.74519230769227
Turkey,2009,56.189285714285745
Turkey,2010,57.958082191780846
Turkey,2011,54.2583561643836
Turkey,2012,56.305737704917966
Turkey,2013,56.593424657534264
Turkey,2014,57.77953296703298
Turkey,2015,56.651923076923
Turkey,2016,56.947099447513786
Turkey,2017,56.28794520547943
Turkey,2018,58.76514522821584
Turkey,2019,57.54345403899723
Turkey,2020,45.80149253731345
Turkmenistan,1995,63.47095890410957
Turkmenistan,1996,61.50328767123284
Turkmenistan,1997,63.03835616438358
Turkmenistan,1998,64.45612244897956
Turkmenistan,1999,64.40659340659337
Turkmenistan,2000,64.22377049180325
Turkmenistan,2001,64.28739726027396
Turkmenistan,2002,63.29196675900283
Turkmenistan,2003,62.26657534246574
Turkmenistan,2004,63.78114754098358
Turkmenistan,2005,64.3635616438356
Turkmenistan,2006,64.2076712328767
Turkmenistan,2007,63.2829670329671
Turkmenistan,2008,63.306868131868136
Turkmenistan,2009,63.333791208791176
Turkmenistan,2010,65.3802739726027
Turkmenistan,2011,62.836438356164415
Turkmenistan,2012,63.44508196721313
Turkmenistan,2013,65.19150684931505
Turkmenistan,2014,63.93324175824177
Turkmenistan,2015,65.05521978021976
Turkmenistan,2016,64.81243093922649
Turkmenistan,2017,64.49753424657533
Turkmenistan,2018,65.45000000000006
Turkmenistan,2019,65.19387186629525
Turkmenistan,2020,52.586567164179094
US,1995,56.20611293060565
US,1996,54.76217886235486
US,1997,55.38453996983328
US,1998,58.09512212057578
US,1999,57.10912497206936
US,2000,56.124805949735006
US,2001,56.854751131221526
US,2002,56.62376192955029
US,2003,56.22662450375436
US,2004,56.42705392627085
US,2005,56.95400708300864
US,2006,57.74099980992156
US,2007,57.10024200428302
US,2008,55.96760784313711
US,2009,55.88026769241455
US,2010,56.79041547477778
US,2011,57.07877121810571
US,2012,58.67791737649066
US,2013,55.968208659662125
US,2014,55.68978188460242
US,2015,57.542059071126076
US,2016,58.31625614003788
US,2017,57.943394874916955
US,2018,57.03916554749757
US,2019,56.78060730920758
US,2020,47.39967801736739
Uganda,1995,71.90872483221473
Uganda,1996,71.290977443609
Uganda,1997,72.64893617021274
Uganda,1998,73.7968253968254
Uganda,1999,72.1089473684211
Uganda,2000,71.87118055555558
Uganda,2001,71.73971830985911
Uganda,2002,72.53025477707013
Uganda,2003,72.55620437956203
Uganda,2004,72.72782608695651
Uganda,2005,72.37355072463765
Uganda,2006,72.36952908587257
Uganda,2007,72.3527472527472
Uganda,2008,72.18926553672321
Uganda,2009,72.77638483965019
Uganda,2010,72.98163265306123
Uganda,2011,72.32787356321838
Uganda,2012,72.67859327217121
Uganda,2013,72.91932203389828
Uganda,2014,72.62035398230086
Uganda,2015,73.21745152354573
Uganda,2016,73.80688705234158
Uganda,2017,72.87808219178083
Uganda,2018,72.17583333333334
Uganda,2019,73.04131054131052
Uganda,2020,74.06030534351144
Ukraine,1995,47.3405479452055
Ukraine,1996,45.23169398907103
Ukraine,1997,45.79861878453038
Ukraine,1998,46.88944444444446
Ukraine,1999,49.0142857142857
Ukraine,2000,49.02814207650274
Ukraine,2001,48.281917808219205
Ukraine,2002,49.136011080332416
Ukraine,2003,47.0627397260274
Ukraine,2004,47.61366120218584
Ukraine,2005,47.48739726027394
Ukraine,2006,47.00602739726023
Ukraine,2007,49.666391184572966
Ukraine,2008,49.20986301369861
Ukraine,2009,48.86098901098902
Ukraine,2010,48.90136986301373
Ukraine,2011,48.416986301369846
Ukraine,2012,47.65846994535513
Ukraine,2013,48.518356164383576
Ukraine,2014,48.31978021978021
Ukraine,2015,50.315934065934066
Ukraine,2016,48.60441988950273
Ukraine,2017,49.11342465753428
Ukraine,2018,48.9221606648199
Ukraine,2019,50.44930747922436
Ukraine,2020,41.29328358208954
United Arab Emirates,1995,80.79547945205469
United Arab Emirates,1996,81.84289617486338
United Arab Emirates,1997,80.81821917808226
United Arab Emirates,1998,83.73864265927983
United Arab Emirates,1999,83.34436813186812
United Arab Emirates,2000,82.32500000000002
United Arab Emirates,2001,82.51999999999998
United Arab Emirates,2002,82.97229916897506
United Arab Emirates,2003,83.39438356164374
United Arab Emirates,2004,83.15491803278697
United Arab Emirates,2005,82.85232876712321
United Arab Emirates,2006,82.67005494505491
United Arab Emirates,2007,83.10892857142859
United Arab Emirates,2008,82.3477366255144
United Arab Emirates,2009,83.23076923076925
United Arab Emirates,2010,84.53191780821925
United Arab Emirates,2011,83.87013698630153
United Arab Emirates,2012,83.97554644808748
United Arab Emirates,2013,83.38493150684934
United Arab Emirates,2014,83.58612637362631
United Arab Emirates,2015,85.23942307692315
United Arab Emirates,2016,84.44212707182326
United Arab Emirates,2017,85.43835616438355
United Arab Emirates,2018,85.35944444444435
United Arab Emirates,2019,84.75153203342626
United Arab Emirates,2020,76.09242424242422
United Kingdom,1995,53.400960219478804
United Kingdom,1996,51.794117647058776
United Kingdom,1997,52.67379972565156
United Kingdom,1998,51.77590027700828
United Kingdom,1999,52.10674931129478
United Kingdom,2000,51.43821917808219
United Kingdom,2001,51.062277091906694
United Kingdom,2002,51.85783633841886
United Kingdom,2003,51.83475274725277
United Kingdom,2004,51.445827633378926
United Kingdom,2005,51.370233196159106
United Kingdom,2006,51.457750342935505
United Kingdom,2007,51.766437414030285
United Kingdom,2008,50.730589849108355
United Kingdom,2009,51.05061898211829
United Kingdom,2010,50.20013755158191
United Kingdom,2011,52.55006858710563
United Kingdom,2012,51.172038567493026
United Kingdom,2013,51.19698216735256
United Kingdom,2014,53.3493810178817
United Kingdom,2015,52.09986244841821
United Kingdom,2016,52.223236514522796
United Kingdom,2017,52.611917808219154
United Kingdom,2018,52.18404993065187
United Kingdom,2019,52.001114206128044
United Kingdom,2020,46.64888059701493
Uruguay,1995,59.62794520547948
Uruguay,1996,60.18879781420767
Uruguay,1997,60.91999999999999
Uruguay,1998,59.84265927977842
Uruguay,1999,59.69175824175822
Uruguay,2000,60.41397260273969
Uruguay,2001,61.88131868131872
Uruguay,2002,61.236388888888875
Uruguay,2003,60.490883977900516
Uruguay,2004,61.89098360655737
Uruguay,2005,61.82986301369869
Uruguay,2006,61.90493150684933
Uruguay,2007,60.81895604395605
Uruguay,2008,62.11294765840221
Uruguay,2009,61.48104395604392
Uruguay,2010,61.92410958904108
Uruguay,2011,61.28273972602744
Uruguay,2012,62.82704918032787
Uruguay,2013,61.623287671232816
Uruguay,2014,62.8793956043956
Uruguay,2015,62.80164835164839
Uruguay,2016,61.68870523415977
Uruguay,2017,63.70794520547945
Uruguay,2018,62.49111111111109
Uruguay,2019,62.190250696378875
Uruguay,2020,68.82611940298504
Uzbekistan,1995,59.08301369863013
Uzbekistan,1996,57.18196721311473
Uzbekistan,1997,60.764244186046525
Uzbekistan,1998,59.67852564102568
Uzbekistan,1999,60.313186813186796
Uzbekistan,2000,60.78633879781424
Uzbekistan,2001,61.3172602739726
Uzbekistan,2002,60.86177285318562
Uzbekistan,2003,60.16767123287672
Uzbekistan,2004,61.92950819672129
Uzbekistan,2005,61.095342465753426
Uzbekistan,2006,61.55726027397264
Uzbekistan,2007,61.20302197802203
Uzbekistan,2008,60.656318681318766
Uzbekistan,2009,61.02912087912088
Uzbekistan,2010,62.28465753424662
Uzbekistan,2011,60.4649315068493
Uzbekistan,2012,58.93825136612021
Uzbekistan,2013,61.28410958904114
Uzbekistan,2014,58.871153846153874
Uzbekistan,2015,61.3222527472528
Uzbekistan,2016,62.147790055248656
Uzbekistan,2017,60.7260273972603
Uzbekistan,2018,60.834349030470904
Uzbekistan,2019,62.00167130919218
Uzbekistan,2020,51.388059701492544
Venezuela,1995,78.47972602739723
Venezuela,1996,80.39043715846996
Venezuela,1997,80.17397260273965
Venezuela,1998,80.69085872576176
Venezuela,1999,79.07301136363638
Venezuela,2000,80.19173553719006
Venezuela,2001,82.28500000000004
Venezuela,2002,81.88666666666663
Venezuela,2003,82.11928374655645
Venezuela,2004,81.48087431693988
Venezuela,2005,82.28082191780815
Venezuela,2006,81.26236263736261
Venezuela,2007,81.73296703296701
Venezuela,2008,81.73901098901095
Venezuela,2009,82.82637362637351
Venezuela,2010,82.60961538461541
Venezuela,2011,80.43944444444439
Venezuela,2012,81.45327868852459
Venezuela,2013,80.91506849315064
Venezuela,2014,80.6401098901099
Venezuela,2015,81.46143250688715
Venezuela,2016,81.70705521472401
Venezuela,2017,82.84457478005871
Venezuela,2018,79.96971428571435
Venezuela,2019,79.8167146974063
Venezuela,2020,80.26165413533833
Vietnam,1995,74.38904109589043
Vietnam,1996,74.32431693989066
Vietnam,1997,75.9180821917809
Vietnam,1998,77.10361111111109
Vietnam,1999,75.91456043956045
Vietnam,2000,74.37814207650271
Vietnam,2001,74.33890410958904
Vietnam,2002,75.08365650969525
Vietnam,2003,75.97945205479446
Vietnam,2004,73.64262295081969
Vietnam,2005,74.3054794520548
Vietnam,2006,75.84904109589034
Vietnam,2007,75.87280219780216
Vietnam,2008,74.22664835164835
Vietnam,2009,76.35879120879116
Vietnam,2010,76.20794520547946
Vietnam,2011,73.58739726027397
Vietnam,2012,75.25628415300542
Vietnam,2013,75.3049723756906
Vietnam,2014,75.55412087912093
Vietnam,2015,77.16177285318567
Vietnam,2016,76.68429752066122
Vietnam,2017,76.18383561643842
Vietnam,2018,76.32797783933519
Vietnam,2019,77.23036211699157
Vietnam,2020,70.75074626865674
Yugoslavia,1995,53.05397260273973
Yugoslavia,1996,51.794808743169455
Yugoslavia,1997,52.22438356164382
Yugoslavia,1998,53.92797783933521
Yugoslavia,1999,53.837087912087874
Yugoslavia,2000,56.60382513661201
Yugoslavia,2001,53.87890410958907
Yugoslavia,2002,55.25041551246532
Yugoslavia,2003,53.61095890410959
Yugoslavia,2004,53.44234972677595
Yugoslavia,2005,52.04739726027392
Yugoslavia,2006,53.32657534246577
Yugoslavia,2007,55.48571428571427
Yugoslavia,2008,56.017857142857125
Yugoslavia,2009,55.50576923076922
Yugoslavia,2010,54.35616438356168
Yugoslavia,2011,54.25342465753424
Yugoslavia,2012,55.72185792349729
Yugoslavia,2013,55.414246575342474
Yugoslavia,2014,56.080769230769256
Yugoslavia,2015,56.1019230769231
Yugoslavia,2016,55.02403314917125
Yugoslavia,2017,55.55123287671231
Yugoslavia,2018,56.84626038781165
Yugoslavia,2019,56.975208913649034
Yugoslavia,2020,46.36716417910448
Zambia,1995,72.91914285714284
Zambia,1996,72.19870129870132
Zambia,1997,72.88607594936707
Zambia,1998,74.5569288389513
Zambia,1999,71.80132013201327
Zambia,2000,72.78242424242423
Zambia,2001,72.72017291066282
Zambia,2002,71.04305949008499
Zambia,2003,69.17877906976746
Zambia,2004,69.14649859943981
Zambia,2005,70.59750000000003
Zambia,2006,67.90219178082191
Zambia,2007,67.87122905027933
Zambia,2008,67.22387640449439
Zambia,2009,66.43516483516484
Zambia,2010,66.27178082191777
Zambia,2011,69.38885714285713
Zambia,2012,69.74765840220387
Zambia,2013,69.93416370106762
Zambia,2014,72.53999999999999
