Continent,Country,Temp_1995,Temp_1996,Temp_1997,Temp_1998,Temp_1999,Temp_2000,Temp_2001,Temp_2002,Temp_2003,Temp_2004,Temp_2005,Temp_2006,Temp_2007,Temp_2008,Temp_2009,Temp_2010,Temp_2011,Temp_2012,Temp_2013,Temp_2014,Temp_2015,Temp_2016,Temp_2017,Temp_2018,Temp_2019,Temp_2020,CO2_1995,CO2_1996,CO2_1997,CO2_1998,CO2_1999,CO2_2000,CO2_2001,CO2_2002,CO2_2003,CO2_2004,CO2_2005,CO2_2006,CO2_2007,CO2_2008,CO2_2009,CO2_2010,CO2_2011,CO2_2012,CO2_2013,CO2_2014,CO2_2015,CO2_2016,CO2_2017,CO2_2018,CO2_2019,CO2_2020
Europe,Albania,,,71.93478260869566,61.612499999999976,63.116961130742055,63.17694524495682,61.23560000000005,63.301265822784835,63.6548476454294,61.523835616438305,60.81129476584021,59.87486187845302,61.329395604395586,60.66318681318682,61.156232686980566,60.56876712328763,59.91863013698633,60.3197260273972,60.413150684931466,60.65302197802197,60.96428571428581,60.73259668508292,60.38465753424662,62.09611111111115,61.668055555555505,51.1597014925373,0.612055270997031,0.62120565031993,0.469830996661353,0.576804441702653,0.960296939826517,1.03156754537918,1.05686835352119,1.23300153064067,1.3611587779509,1.42794420369885,1.36009220693963,1.36398860235111,1.43379650688868,1.42824958589414,1.49211670359782,1.64276192996892,1.76810850906738,1.5659214019027,1.65638950333875,1.79571244233506,1.66521852478371,1.5900693334483,1.88055711291312,1.85464154039805,1.74946245713759,1.54455011524574
Africa,Algeria,64.41046831955923,63.53021978021981,64.92630136986308,63.61966759002768,64.92362637362642,64.18278688524586,64.66986301369867,64.13545706371188,65.49340659340658,64.08743169398907,62.91342465753426,64.93041095890408,63.61236263736265,63.97753424657535,64.70824175824175,64.26821917808216,64.96082191780816,64.29043715846997,63.70465753424658,65.64697802197797,64.9436813186813,65.31187845303864,64.99589041095896,64.41944444444447,64.9927576601671,58.03432835820893,2.68418220900314,2.6263502240532,2.52521107743441,2.49456735827445,2.55404626686087,2.60106533887127,2.52060952562876,2.60569461284308,2.75109876087332,2.75275878150928,2.85792656968889,2.98514913079317,3.02350291507781,3.11677094713759,3.1870690441654,3.18435699969857,3.30523251701306,3.6213677179274,3.65846867891071,3.81152114717356,3.95196093867474,3.83383422168475,3.83368112626665,3.92429872230088,3.99440182789199,3.7182233703076
South America,Argentina,61.70136986301374,62.71010928961749,63.14383561643837,61.761111111111134,61.83571428571434,62.39616438356166,63.339835164835215,63.0066666666667,61.92424242424242,62.62595628415302,62.31150684931508,62.68794520547938,61.32142857142857,63.35576923076922,63.01483516483522,63.006301369863024,63.23534246575342,63.725136612021885,62.88054794520547,63.61369863013696,63.8255494505495,62.19393939393938,64.13780821917805,63.4747222222223,63.07130919220058,69.98432835820897,3.23030803714634,3.4627891850664,3.52129780315044,3.6615567575534,3.66960102153625,3.56791849018313,3.34187706655833,3.10048866797723,3.33489087930132,3.65608487008491,3.73671686472615,3.92426184145235,4.08315143871477,4.15237520977984,3.84834822677955,4.09984413971278,4.28102814513,4.26411100150765,4.34225013023383,4.20911189491323,4.30191380564475,4.20181586904703,4.07011168693629,3.97565074444479,3.74202981162433,3.4056175404138
Oceania,Australia,61.501753424657714,61.25579868708968,62.151780821917775,62.20084592145014,62.47236263736277,62.250218579235025,62.22906593406602,62.690333333333285,62.38268063982342,62.51846994535528,62.71293150684935,62.67490410958906,63.26450549450546,62.13676389653273,63.40357142857141,62.71435616438361,62.53884931506849,62.255683060109334,63.38265642151492,63.48395604395606,63.06362637362637,63.40822295805738,63.45564692982458,63.26409972299166,63.87577951002231,68.7164179104477,16.1146015841703,16.4710144168098,16.7061760772667,17.6023335431403,17.7372431090697,17.8373183976585,17.9307269150375,18.1232107784425,17.8945391341105,18.3688710453093,18.2784730852853,18.2927495943223,18.4547376555999,18.2392898668792,18.1572008366536,17.9737515176961,17.6560553381679,17.4056176654109,16.7945880965987,16.1557451398864,16.1984582210401,16.3203306101751,16.1491503049618,15.8657135218488,15.5990453615115,14.7761369066259
Europe,Austria,50.25123287671234,47.676775956284125,49.68273972602742,51.33795013850416,50.955219780219814,52.75956284153006,50.82301369863017,51.8689750692521,51.49506849315072,50.603005464480894,50.30219178082197,51.23534246575341,53.00906593406593,52.59123287671234,51.77390109890109,49.25068493150686,51.27945205479456,51.911475409836065,51.42630136986303,53.35302197802191,53.472802197802224,52.10826446280993,52.35150684931506,53.7889502762431,53.91222222222227,44.924626865671655,7.69806994672305,8.15463768955387,8.06021203957158,8.10766086454086,7.88945743440831,7.93085896065763,8.44465626905163,8.58383681081203,9.16931675643542,9.27587070234996,9.2664055123168,8.962101510998,8.58876639792215,8.50023841866895,7.72122810060212,8.36562481018494,8.13618977833065,7.72385166247508,7.754017978913,7.26093085754911,7.3188595368183,7.29077721621103,7.48703675539348,7.14114021108032,7.26333120118199,6.63264573733546
Asia,Bahrain,79.28273972602744,80.18005464480875,78.79726027397257,82.2008310249308,82.29587912087904,80.60601092896171,81.3230136986302,80.86592797783935,80.97643835616437,80.7784153005464,80.20931506849313,81.00547945205477,80.98159340659339,80.4931318681319,81.40439560439556,82.92684931506848,80.92,81.68415300546445,81.20438356164384,82.07390109890108,82.61538461538458,82.12790055248622,82.63589041095887,83.29861495844874,82.96350974930368,72.23880597014929,22.0837480054949,22.3703607709765,22.0883086158895,23.0323992838491,22.3235707587992,22.3159442371971,22.4391139009965,23.0134006125689,23.0568219197796,21.5097228271368,22.9440272485062,23.1574047277959,22.1050385764205,22.3013969557155,20.9564094542131,21.394806553811,21.465302946925,22.1841250870451,22.8688416095137,23.0965713649406,22.3856249935763,21.4953098652797,20.9460377778113,20.7379617303374,22.063354812112,21.9769078065259
Asia,Bangladesh,79.35017301038064,78.76584507042256,77.15481927710844,79.28705882352948,77.08787878787875,79.0985507246377,78.95656934306568,78.62374429223748,78.82487562189054,78.91494845360823,77.85701754385963,79.3555944055944,78.11386138613861,75.64156626506025,79.02384341637014,80.83544776119399,,,,,,,,,,,0.140538338424538,0.140354851446402,0.15544919958768,0.154800378681316,0.158617237321082,0.160122047170439,0.194686760625867,0.20340118824964,0.2097371984069,0.21995504350196,0.232135396844242,0.251721897657564,0.263586594582306,0.285933318249804,0.305030148225566,0.340233253415489,0.361557397209346,0.387829234655971,0.408788178786231,0.42518945677671,0.46351707533422,0.50773927054082,0.541787825904309,0.586157624560863,0.559733655592985,0.510647559277094
North America,Barbados,81.26071428571431,80.94598337950136,80.77999999999999,81.53527777777771,80.54340659340666,80.22575342465755,80.69530386740331,81.2288888888889,81.30087463556852,81.33659217877099,82.06191780821915,81.66904109589044,81.07694444444442,80.28480662983426,81.12280219780222,82.04273972602735,81.38575342465757,80.63524590163935,80.76575342465755,80.65879120879121,81.43296703296701,81.57486187845302,80.69087136929463,79.15827338129498,,,3.60880355924256,3.73095934823226,4.05935628970003,4.31304572109148,4.57546277018587,4.48920678463067,4.58517505284934,4.52721847966824,4.67254083192834,4.76788141747826,4.92101366721464,4.98326707959693,5.03602953095298,5.93834247253654,5.84277788532129,5.39294021717368,5.50390945456393,5.31367103914959,5.19917649395915,4.62018861737053,4.56543549947318,4.63224343170081,4.22645037197291,4.54138182546266,4.16614319366122,3.90487115816925
Europe,Belarus,44.31260273972603,41.64972677595629,42.97095890410956,44.442296918767504,46.92802197802201,46.96120218579237,45.367123287671234,46.53379501385043,44.60410958904108,44.71994535519125,45.14493150684931,45.16767123287672,46.75509641873281,46.97280219780219,45.01675824175824,44.88657534246575,46.51178082191784,45.11174863387976,46.319999999999965,46.82060439560437,48.24945054945055,46.41215469613259,46.09578313253013,44.421305841924344,44.48718861209966,38.00756302521007,5.64143156777859,5.75355115950293,5.83354493180237,5.67931991013073,5.48113454246037,5.30757213959263,5.20924054461533,5.24582111404253,5.36156433118783,5.72996540853549,5.84282870865483,6.12124572771216,5.99593994448043,6.32155697138482,6.01576102812717,6.47878137074492,6.16444733752901,6.3236304726789,6.34224947425193,6.29006780430576,5.799689168547,5.82946357939628,5.94640716888454,6.27957941620664,6.12342695003417,5.84240729590088
Europe,Belgium,51.701095890410976,48.19180327868852,51.13260273972603,51.29833795013852,52.125824175824214,52.31502732240441,51.58739726027402,52.33351800554014,52.32383561643834,51.62978142076503,52.140273972602735,52.05589041095888,52.14505494505498,51.06994535519125,51.26126373626372,48.835616438356155,52.475616438356184,50.75737704918034,49.85534246575341,53.12609890109893,51.92609890109894,51.561049723756874,52.132328767123305,53.05734072022163,52.50389972144848,46.91567164179104,11.3022428848678,11.7606250966732,11.4558386523456,11.7036858150067,11.2956940254453,11.4400292647238,11.504301239383,10.7280079862302,11.1315169148275,10.8770089098723,10.5892027545238,10.2466752332537,9.77872516634198,9.96411475547137,9.25341219597882,9.80881615729526,8.74124771793825,8.57803036878231,8.65194718679944,8.06155236787537,8.43483650630165,8.3106603919614,8.13943859065518,8.18436667928584,8.09379074556662,7.39813065774681
North America,Belize,78.16607142857143,80.29068493150686,81.85883977900556,81.95838150289016,80.31587743732585,80.4191780821918,80.9535714285714,81.36416666666669,81.44819944598339,81.36404494382029,81.68860398860396,81.1307692307692,81.7659638554217,81.2270114942529,81.59192200557098,80.92188365650962,81.43232876712334,81.09836065573772,80.76136986301373,80.82754820936641,81.66758241758244,81.31988950276244,81.25999999999995,81.01444444444446,81.82116991643454,80.89097744360902,1.99060700740828,1.57548608463591,1.92983506588613,1.7767343835452,1.60871041064224,1.76867465870236,1.9403466344216,1.75672983393688,1.70531594936325,1.50517403574788,1.55256353098529,1.5973456078191,1.65425526545144,1.47511540185363,1.69334534377775,1.64914655423991,1.74001177405944,1.38047048142907,1.32699716845379,1.37284118807385,1.875949993192,1.77314715242858,1.71633844240485,1.64892976606136,1.89208291034323,1.74110771521393
Africa,Benin,81.67873563218394,81.4353760445683,80.90614525139664,82.29745454545446,81.27150997150994,81.9016233766234,81.5440771349862,81.38690807799448,81.84472934472929,81.28360655737704,81.57123287671239,82.08698224852066,81.22727272727269,81.19857549857558,81.53104395604393,82.55835616438355,81.47445054945058,81.21366120218576,81.60384615384619,81.62576177285317,81.56098901098893,82.17817679558006,82.15342465753416,82.20698324022342,82.41197771587741,83.81119402985077,0.0499577359571495,0.156916822752286,0.193601842234555,0.184487581830578,0.197463714477338,0.203557490451232,0.240583768173254,0.292971417491603,0.318988595165453,0.335218430325513,0.355804505818145,0.413132505759208,0.462339326907855,0.451087855355473,0.481569175037509,0.510824490694717,0.478348573672836,0.443845154791085,0.453634928841865,0.488570533867478,0.503586323811604,0.598485713029697,0.592940505290305,0.636814493777282,0.60823677321991,0.631204805964476
South America,Bolivia,45.58684931506848,44.212295081967206,45.0454794520548,46.945429362880894,44.34065934065933,44.28849315068492,44.81043956043957,45.74555555555557,45.75414364640885,45.88087431693987,45.67205479452055,44.65698630136985,44.85467032967033,44.25730027548206,45.134340659340666,46.15369863013698,45.04684931506849,45.306557377049174,46.01377410468321,46.26022099447516,46.12060439560439,46.909392265193304,46.22876712328765,45.42472222222222,46.11916666666666,48.049253731343285,1.10113268288565,1.04278599293286,1.12886828444536,1.05329743422412,0.981769042304752,0.943608123029713,0.893302648362398,0.936961095694518,0.980272657274545,1.01802473644732,1.05391821261955,1.12284170571674,1.22616760606775,1.28880928502976,1.35011163213736,1.43811128924503,1.53821869932666,1.60468176145447,1.68698792155035,1.78421940046278,1.8036741828399,1.8936936513003,1.89131542884796,1.88518817031758,1.85346150629409,1.53946469560316
South America,Brazil,71.8170776255708,71.34526411657545,71.55490767735664,72.70339855818744,71.38425414364636,72.17059360730592,72.83223443223444,73.03274418604644,71.83783287419644,71.49553734061931,71.47041095890415,70.95050228310517,71.2539377289378,70.36023875114795,71.46840659340648,72.39945205479457,71.14,72.17468123861563,72.0696803652969,73.30321395775934,72.70842490842485,72.26031307550653,72.15726027397253,71.64616096207227,73.5555658627087,73.557855361596,1.47560355931892,1.58045439982994,1.66918123176385,1.69894488419783,1.73476944842688,1.7835001158786,1.79211227785649,1.76065124423135,1.70185253648103,1.77844124428615,1.77566292246976,1.77747795657257,1.847975735626,1.93921527398251,1.79932814185315,2.02660566892286,2.11062775987293,2.2714176835721,2.4134465369818,2.51459195963426,2.36536062099671,2.16125984748939,2.18548661863967,2.06426147881772,2.05077012882977,1.94252335631484
Europe,Bulgaria,49.4301369863014,,48.779999999999994,50.73711911357339,51.01043956043958,51.72759562841535,50.724109589041085,50.43407202216065,50.17205479452053,50.53961748633877,49.13972602739721,50.41808219178082,53.543956043955994,53.39561643835616,52.65494505494509,52.861095890410965,51.455616438356145,53.203551912568265,53.48493150684929,53.13598901098903,53.37005494505496,53.37292817679557,52.65397260273972,53.04238227146817,53.23621169916434,42.10820895522389,6.52895105404228,6.61280050547506,6.37562156613733,6.11345625283252,5.39812808380946,5.31458823633089,5.76661020618688,5.56322627543316,6.16479538416841,6.12499125291893,6.26527946570375,6.44055496747674,6.97101972105159,6.67853087882768,5.76373544669494,6.04962491881996,6.75495160259586,6.16257736225904,5.45906018005221,5.82153390574504,6.2073775238782,5.83441898521035,6.20201084038645,5.82177716644055,5.61371010274005,4.92328037940501
Africa,Burundi,79.32604166666667,79.20628571428571,78.43391304347826,82.4,77.4,,,,81.3,76.61333333333333,74.05098039215686,59.99279279279275,54.52765957446802,,,,,,,,,,,,,,0.036559570778166,0.0376527672929144,0.0381845492011799,0.038523098947201,0.0378306133478313,0.0416319271539568,0.0325098685701179,0.032802230972826,0.0249531909038623,0.0224141689005934,0.0217895175909076,0.0250189666226615,0.0241799187348301,0.0240030664007927,0.0227456280973839,0.0354239062608714,0.0379981118333185,0.0371804176191894,0.0361000266316517,0.0347596973886301,0.0341936179122354,0.0405380853018533,0.0474291236691765,0.057850230113233,0.0595713389942667,0.0583840218352736
North America,Canada,42.00221917808218,40.17499999999993,41.99452054794523,45.261855955678605,44.588131868132024,42.15384615384609,44.25761643835621,42.3765096952909,42.29967114277884,42.199535519125625,43.94100221483957,44.78857534246572,42.8502748763058,42.252263260205495,41.777933498213926,44.39616368286457,43.29231003967042,44.41622445867636,41.99391171993907,35.89191820837388,38.51577017114916,41.27994467496542,39.957417582417605,38.69375000000002,37.54965421853389,24.879400749063667,15.290466338986,15.5926140091235,15.9438483608679,16.0765716714674,16.2584734079999,16.7574667443141,16.3314615280591,16.7208798923722,17.2092113821362,16.7951576901417,17.0281072956225,16.5952042346131,17.3807042293862,16.5593366414317,15.5039646216605,15.7940671592831,15.9983215693798,15.7371988536414,15.8416956966325,15.8536844177013,15.6492103599944,15.4212605020165,15.5472632085172,15.6334755946572,15.0458384898173,13.5916963421093
Africa,Central African Republic,78.36134751773048,77.77566539923953,78.83278688524587,79.21158940397356,78.55723076923078,78.33728323699424,77.9724233983287,78.13183098591551,78.28607954545458,78.31787709497206,78.54183381088826,78.52067988668551,79.12039660056661,78.67603305785131,79.18760806916427,79.90146627565984,79.23917808219181,79.10054644808746,78.76510989010995,78.76620111731849,79.08022598870053,79.28867403314912,79.36164383561645,78.48305555555558,79.47794561933532,81.41343283582091,0.0499892269858816,0.0496496282223947,0.0482872204834968,0.0639650931741313,0.0647815810207476,0.0646951321701333,0.0658036248173819,0.0635518621865911,0.0573650660654344,0.0549677799383642,0.0532451505571377,0.0545600360659769,0.0543472174704593,0.0383682695753725,0.0368492772546631,0.0375101903041308,0.0410395387003695,0.0413130857313568,0.0251122973629173,0.0271738337653223,0.0382625562500039,0.0420865723239598,0.0445090109733524,0.0449675942827757,0.0451882048419334,0.044282072685485
Asia,China,59.77249315068491,59.08896174863387,60.55569760978318,61.80055432372503,60.75032967032969,60.16539092400235,60.30690410958908,60.71225055432367,60.6517827756445,60.931803278688555,60.22076712328775,61.17567123287675,61.71794166208038,60.315824175824126,60.56426608026386,59.66734246575344,59.932986301369965,59.583989071038275,60.763013698630054,61.4255085211654,61.68868131868132,61.59270315091207,62.01704109589035,61.73190899001109,61.992033426183895,52.202391629297395,2.5634787588548,2.52187187384502,2.54790366441071,2.60583573214379,2.51742076336975,2.65040910152893,2.77476219679994,2.96482122774133,3.43403647935424,3.94515487143877,4.46769636118185,4.91027619715946,5.30636800631315,5.43507909606652,5.79831993750282,6.33541976743751,6.90134732553428,7.04520023039603,7.32015492503154,7.30471287157582,7.14513153508327,7.10547993572515,7.22616015441748,7.53319313353674,7.64543578560038,7.75613790659769
South America,Colombia,55.38598901098904,55.08333333333332,56.231506849315046,57.353025936599416,56.05505617977528,55.34027397260263,55.840384615384586,56.82138888888891,56.24944751381212,55.59808743169399,56.01068493150683,55.840109890109865,55.51432506887051,55.225280898876406,56.499175824175815,56.933698630137,56.80356164383563,56.354644808743174,56.84027397260276,56.86263736263733,57.47609890109893,57.82734806629836,57.11041095890408,56.97638888888887,57.662952646239546,58.07014925373134,1.66925580776101,1.61750308939533,1.73863278682212,1.71491382104359,1.44932103595713,1.50440639819294,1.49577004295535,1.41822635805315,1.38137348068341,1.35921378531275,1.37815501028636,1.36051065966753,1.3787719381779,1.37618781817215,1.41424194119423,1.43131795380357,1.53989837625496,1.53384649831834,1.68098788159418,1.71582096359122,1.71939023077553,1.75379580314977,1.56507517599547,1.61039151744768,1.57782014077396,1.55225942282078
North America,Costa Rica,72.9668852459016,73.04955223880602,73.2906336088154,73.75055555555552,71.4870879120879,72.230303030303,73.2898071625344,74.10473537604456,73.48980716253449,73.32197802197804,72.19835616438361,72.64246575342463,72.42197802197799,71.65702479338842,72.86153846153849,72.4408219178082,72.13479452054794,72.38060109289619,72.65041095890409,73.03241758241761,73.79615384615379,73.32837465564738,72.8832876712329,72.86888888888883,73.50501392757658,74.93955223880592,1.34620594840654,1.23813191387641,1.20176358853416,1.31241755357497,1.29029612219109,1.24316664208044,1.33787391857638,1.33972958478134,1.38444495906757,1.39757336343115,1.45367568706039,1.49765701301822,1.71226744750417,1.66935403797623,1.5775366322261,1.53723769279563,1.5878028840627,1.57216378945795,1.62342547847402,1.61681138693653,1.53984215693524,1.61952841186564,1.63671577915361,1.62012119663525,1.56482445188662,1.35999554957394
Europe,Croatia,,52.178978978978954,51.821388888888904,52.35028089887642,53.65730027548205,55.85412087912089,54.16164383561641,54.754722222222206,54.45945205479454,53.04726775956282,52.23835616438351,54.22054794520546,55.78291316526609,55.22060439560433,55.246978021978045,53.21671232876718,54.72739726027395,55.56366120218577,54.370136986301326,56.22087912087915,55.70494505494507,54.832132963988926,55.572054794520554,56.49275766016704,56.55710306406687,47.549624060150386,3.34476183055088,3.34739418537723,3.76403552874141,4.08802915182359,4.10264865220626,4.0360745536,4.46455774690079,4.7131287576932,5.02112399988939,4.90003716953956,4.97547066281993,5.00985929769698,5.30646136841834,5.04124992313859,4.71661934771151,4.52977084699612,4.4450549476221,4.07797621028232,3.99714358826503,3.83079514409838,3.94953949039919,4.04297771940008,4.22057683649365,4.02006632837905,4.06451947763153,3.86070539173057
North America,Cuba,75.82825484764548,75.2952522255193,77.2272997032641,76.64134897360707,75.71742857142856,75.14871060171922,75.26938202247192,76.44222222222221,76.27438016528926,76.22361111111114,75.96767123287678,75.97205479452047,76.08324175824178,75.57443820224712,75.55193370165748,74.42739726027399,75.34219178082188,75.05109289617485,75.91671232876712,75.38021978021975,76.7785714285714,75.9580110497237,75.82876712328765,75.89749999999998,76.75097493036212,75.2390977443609,2.12099660803446,2.29894451634771,2.49571540759342,2.45723170655003,2.52920164905555,2.55300140260158,2.46564205615036,2.36556663886315,2.28842784276794,2.25961119592948,2.34017723811087,2.37821507322414,2.45588087972843,2.37190985339653,2.39113335463347,2.48972203595315,2.44154421168434,2.53693202667895,2.54997116568281,2.35413332090837,2.57584418337596,2.39608281140947,2.31478144967474,2.35469857464228,2.15774090266798,2.15276967847473
Europe,Cyprus,64.99393939393937,69.69531772575253,63.424637681159474,71.31666666666666,65.79868421052635,72.80611510791371,67.96958904109584,67.40430107526882,58.12142857142856,72.9527659574468,66.42958904109585,66.32821917808215,67.18156424581005,68.05534246575347,69.02695312499998,90.1,,,,,,,,,,,6.78093453522538,7.05783027936795,7.02518521489831,7.22672905779197,7.37559038213826,7.51679168815391,7.24697615123908,7.29845631311126,7.83135902434148,7.63612661041108,7.61844518456949,7.57922303347046,7.73564471776458,7.77259037523229,7.44940925710233,6.9916773333475,6.66727215248462,6.13787832149935,5.50803449623297,5.78745024405371,5.77109022303079,6.02664204541186,6.09107149801866,5.9061510578579,5.85187933947248,5.47199800894842
Europe,Denmark,46.24136986301372,43.45327868852458,47.078630136986305,46.67451523545704,47.67637362637366,48.314754098360645,46.6764383561644,47.97340720221606,47.11150684931507,47.066939890710415,47.11561643835618,48.22684931506845,48.59313186813185,48.409289617486294,47.51373626373631,44.386575342465754,47.742739726027395,46.79535519125686,46.90164383561643,49.88159340659342,48.374725274725286,48.08784530386742,47.95479452054794,49.46011080332411,49.30278551532029,42.32761194029851,11.47221877745,13.9414912273702,12.0373525707045,11.2571332367687,10.6596472358313,9.85127020370004,10.1227088314642,10.0149536889517,10.9884401920834,9.94122885590458,9.26331394138722,10.6917586613287,9.77973200464786,9.12471027761107,8.67875710991754,8.67475665065938,7.73672793386388,6.83460751287831,7.11686267972613,6.34715312817014,5.93032476740055,6.16973434054759,5.75613445319845,5.71891295897775,5.10738642637222,4.69123730751634
North America,Dominican Republic,77.79473684210527,78.49255014326648,79.40552486187842,79.52,78.80911680911676,78.8378531073446,79.27802816901404,79.65181058495823,79.77827298050138,79.04501424501423,79.76999999999991,80.08575581395348,80.12828571428568,79.14482758620686,79.41464088397785,80.13123287671242,79.4706043956045,79.51191860465114,80.62672064777327,80.83926174496641,81.13371104815863,80.12422535211269,80.11019283746559,79.65521126760562,81.04406779661016,79.5512195121951,1.50509170999395,1.58861722094266,1.77946806876402,2.006260228352,2.11546888772274,2.18605044895725,2.18982724730766,2.37451508515934,2.09927249914012,1.91108672918118,2.03941878288681,2.19389610356038,2.19382557667849,2.16123200504718,2.03742492921635,2.1155194662714,2.11171803128455,2.16147493311157,2.09580517022116,2.08621475250958,2.26704601804065,2.33609927132434,2.21196208145507,2.35622376638923,2.36863439614581,2.08018172191441
Africa,Ethiopia,62.29250000000004,61.65892351274784,62.87546583850936,62.40795454545458,62.633333333333304,62.53694029850745,63.91201923076922,66.15535714285716,64.15,63.444,64.17785016286646,63.8872262773723,62.57322580645157,63.14383561643829,62.735384615384625,61.438492063492085,62.79150141643065,62.487921348314565,62.98361111111111,63.63343023255809,64.09552238805969,63.10250000000003,62.45277777777774,62.1211604095563,63.11902017291072,65.17819548872181,0.0447956710543586,0.0483675435904799,0.0499465325178318,0.0511209895677924,0.0488125103731963,0.0530643134257323,0.0637694596607203,0.0643209963134495,0.0686412431478002,0.0708383442212328,0.0651801201859715,0.0678219197764366,0.0727289934281699,0.0769075705004338,0.0753207992315423,0.0725387745198668,0.0822442858627317,0.090618147260683,0.104968497193462,0.125220099867699,0.127315885004371,0.144807033553953,0.146790211829337,0.153230325883588,0.155169188831947,0.154431771590205
Europe,Finland,42.24219178082193,40.04672131147543,42.07534246575342,41.25069252077564,43.278571428571446,44.53606557377052,42.01205479452054,42.33047091412742,41.38876712328768,41.710655737704904,42.68356164383561,43.189589041095886,43.578021978022,44.62295081967211,42.04560439560439,40.11041095890408,44.211780821917806,41.507650273224066,43.63972602739723,44.10384615384615,44.920329670329686,42.90414364640888,42.81698630136985,44.0141274238227,43.87715877437328,36.508955223880605,10.9817553188365,12.2106563805414,11.7949311602415,11.1119864604585,10.9399253582537,10.6443731309922,11.7748661914168,12.1985394756526,13.7555932134462,12.9458059145721,10.5717089431837,12.7272102369268,12.3097271173365,10.6636260517985,10.148381558573,11.6580824827459,10.2302556366865,9.12603706225985,9.2280857485569,8.45218320494398,7.81369792414716,8.31624752993602,7.80931895529113,8.04918842721228,7.42303960115952,6.57014512772575
Europe,France,56.4077134986226,54.32352941176474,56.87465753424661,55.473743016759784,56.097390109890114,55.76420765027321,55.21260273972605,55.76371191135732,56.39082191780832,54.93183060109288,55.06406035665302,55.90506849315067,55.12843406593405,54.54897119341572,55.23695054945054,53.39917808219173,56.67671232876717,54.80778688524594,54.21893004115227,55.48310439560433,55.67857142857141,55.00275862068967,55.612602739726,55.979548660084625,56.22402777777784,50.816417910447754,5.91638313661577,6.15764639491384,5.98867492689338,6.33269034381028,6.19795380238336,6.12651544488878,6.14105166085935,6.0043644845786,6.05295599834043,6.02631953482719,6.02667784171445,5.84238818030875,5.67076460296602,5.5640399420339,5.31413736475439,5.35040786583849,5.12710544623814,5.15235849401422,5.12789942785166,4.61480713608279,4.67593508663906,4.70347567349874,4.74791692880333,4.57051742845134,4.46016494835631,3.95368245187991
Africa,Gabon,79.57030716723548,78.65803921568627,80.5279411764706,80.53563218390804,79.79820895522391,79.25542857142851,79.29393939393941,79.73222222222219,79.86470588235294,79.83543543543547,79.62853185595567,79.66821917808224,80.24297520661159,79.9245856353591,79.92417582417583,80.13753424657536,79.34520547945203,78.33251366120213,79.62493150684925,79.78107344632771,79.97472527472523,80.97707182320443,80.36630136986297,80.22714681440448,80.53816155988864,82.79253731343283,4.64456970098862,5.04611068476388,4.71681784971428,5.28113820761891,4.85820832970654,4.77636328642075,4.76488416412187,4.43871040831902,4.66947862663759,4.29825489905512,4.1542068346964,3.61862027747791,3.18827777469489,3.29540156177147,3.149348489485,3.36746722147384,3.259317348378,3.05001075295162,3.0439443052508,3.03126056572549,3.01491187897365,3.05995668692354,2.4972724702892,2.33593611713804,2.35176354398661,2.33327357514897
Europe,Georgia,57.05972602739726,55.59344262295079,55.50547945205479,58.17285318559559,57.195054945054935,57.17896174863391,57.10138121546962,56.28559556786707,55.84465753424652,56.671311475409816,57.15726495726497,43.23669724770645,,,,,,,,,,,,,,,1.75564793261599,1.41667996898278,1.26873571954198,1.17597364694704,1.08780157375459,1.17062709047122,0.875902662757048,0.743594029430579,0.798940010162622,0.858876491467507,1.08728602328423,1.21156690368155,1.45760873000535,1.25733769630311,1.47448405641855,1.40547363862154,1.73616463029767,1.92900055083653,2.15834227262897,2.32671060548785,2.52314190948536,2.63275300770891,2.65748105420488,2.60970672866505,2.83579124666916,2.75470919618902
Europe,Germany,50.723846153846154,47.20932835820898,49.173047858942056,50.48752997601918,51.00147895335608,52.09814600231746,49.56413708690329,51.21849148418492,48.6065333333334,50.52431761786596,50.20402930402932,49.170921985815674,50.91717990275523,50.786604361370784,50.254250386398795,47.79140708915149,50.84508333333339,48.57158469945353,47.51753424657532,50.112912087912115,49.91978021978023,49.105248618784515,48.79342465753423,51.46115942028986,50.59479015918959,43.01343283582088,10.7086223200894,11.0399715040613,10.6375197902363,10.545804765172,10.1533792049799,10.0993658941276,10.2936122892644,10.1030113350959,10.138763607454,9.9504461302536,9.7294631214949,9.88647957169216,9.52762326749987,9.61745788706108,8.97173140678443,9.45338862684134,9.29900290355714,9.45128904680279,9.62422936749002,9.08852776834501,9.08734480366678,9.07297238768971,8.8583445114547,8.53704268780674,7.9271876239049,7.2552210281684
Europe,Greece,64.94657534246574,64.54125683060111,63.93534246575343,65.5019337016574,66.71675824175824,65.80218579234972,66.14054794520544,65.1952908587258,64.91863013698631,64.65491803278688,64.27342465753425,64.17134986225898,65.7659279778393,65.89917582417583,65.74738292011014,67.12876712328763,66.22191780821923,60.161006289308204,,,,,,,,,7.84257717152933,7.80047696252168,7.85664244720065,8.12715142536609,8.12097681982899,8.74165078631788,8.89399981513758,8.86039305369224,9.17056717242844,9.11394933209897,9.27863716282251,9.13788494425138,9.44111462280805,9.06364335794312,8.52976096102131,7.87481473681996,7.61350463430599,7.25081215401234,6.61037895212413,6.38505903145612,6.28508782508784,6.20348737018687,6.21083158316487,6.05813051890443,5.59528435262632,4.76718493701839
North America,Guatemala,66.4782608695652,66.5852830188679,67.53561643835617,67.8869565217391,65.83186813186815,65.8502747252747,66.24578651685391,67.14061624649852,67.23109243697482,66.74944444444445,66.9134615384615,66.56840659340651,66.96346153846154,66.23983286908079,67.1551246537396,66.59068493150683,66.50109589041092,66.37103825136612,66.83205479452054,66.80165289256202,67.51767955801097,67.48895027624305,66.8315068493151,66.89359331476327,67.69805013927575,68.16417910447763,0.619153543196097,0.588595818407276,0.608646613823303,0.751868400171461,0.72658857095672,0.814796784851732,0.828871340888922,0.863904873407061,0.851253780204383,0.850047957326968,0.892596490718621,0.874124842110202,0.923216168681838,0.82044214919553,0.848874193850226,0.804898452539667,0.810858922089052,0.824228643300048,0.867210613999047,0.914557101787262,1.05707310890778,1.1026182595186,1.02751728089616,1.10575367270347,1.14537281500282,1.00040733564819
Africa,Guinea,81.6284518828452,80.84631268436577,82.54428571428575,83.62727272727271,81.59954954954958,80.94067796610173,81.39413580246915,81.74135802469132,81.50515759312322,81.92786885245899,82.04581005586594,81.87301136363635,81.69730639730635,82.23975155279504,81.5960784313726,82.81451612903227,82.57864406779656,81.03928571428574,80.89638888888894,80.70000000000006,80.7117824773414,81.05847953216373,81.43438395415474,81.02199413489735,81.6666666666667,83.88560606060608,0.155523036088173,0.160143379345487,0.164469196356508,0.170483869656036,0.175402821589067,0.179309813748813,0.185715434225419,0.190083926046219,0.194693404910528,0.197845361458643,0.2008290049774,0.203780561323598,0.207236095803933,0.205812295464573,0.211958041867326,0.243682823651839,0.24902846886389,0.228832188369081,0.195379103300369,0.196384745395564,0.216953417676487,0.235227854196447,0.271355057259789,0.297494261984837,0.350765779082478,0.34364615086247
Africa,Guinea-Bissau,83.66228571428573,83.15953757225435,83.4097014925373,84.30000000000001,,,,,,,,82.57622950819675,83.98640776699028,83.85130434782609,82.59458689458691,82.72676056338037,81.82333333333334,81.51774647887326,81.96034482758621,81.79942693409738,81.56502890173412,81.91163434903052,81.90383561643836,81.03722222222221,81.99241573033707,84.21526717557254,0.165589292011794,0.155180939221676,0.16972875229151,0.145599377064382,0.158809887324551,0.119429759458715,0.117864130175444,0.119470038376639,0.148291380782015,0.15248598932895,0.151843173181669,0.153243320267225,0.158489202879967,0.150225304364126,0.153614860175118,0.153775475044984,0.151334634749042,0.148845809657673,0.145722021990242,0.151206699443415,0.157581198477963,0.166253123378351,0.16310020182719,0.165094768449133,0.16508860634868,0.163208368967987
South America,Guyana,,83.55625,80.69999999999999,81.9,83.43552123552126,82.63647058823531,83.50275862068966,83.32925925925927,83.01422222222222,84.0629921259843,84.06929133858267,83.22760416666668,,,,84.37142857142858,83.06283783783788,,,,,,,,,,2.0362144450697,2.0966836568817,2.28042229257784,2.30951094031032,2.2899313205297,2.1873365557782,2.16343844308241,2.13317234912004,2.12711126772045,2.19837879919624,1.95022041334248,1.75746043802011,2.12181816499476,2.1265000331499,2.16596695143346,2.35221918570137,2.46106714322185,2.6893702131549,2.64322603087956,2.74710077684509,2.7547610627908,3.26523837188623,3.24113136945596,3.29351227349226,3.50033114116629,3.47277101663067
North America,Haiti,86.29625468164797,86.09945945945948,87.43142857142858,,84.38245614035088,84.01166666666671,85.43493150684932,85.93492647058815,87.50718562874252,86.29314285714283,85.68904109589045,84.87500000000004,85.93950617283951,86.41060606060606,86.61692307692307,85.05826330532207,84.7129834254143,84.57889610389613,85.37475409836068,85.10899999999998,86.47243401759535,85.15380281690142,84.9818681318681,85.16511627906978,83.37623188405796,81.77499999999999,0.118298494516289,0.136180083038708,0.160981972343747,0.162512951413838,0.168316473464726,0.17622731445625,0.188034674040336,0.210955411424242,0.205430057834298,0.185995876354923,0.187095995346744,0.185489594107155,0.2171147200893,0.211931869747068,0.204652562349971,0.249743977372476,0.270992108746441,0.238940563023005,0.258338055000553,0.290138810726091,0.310537245413729,0.314036533462437,0.30618371925255,0.298729952296593,0.297241022260954,0.283815024249564
North America,Honduras,72.64346590909088,70.49633802816899,72.06363636363636,72.91284916201123,71.0988505747126,71.12877094972072,72.12527777777771,72.22237960339939,71.7556473829201,71.9398280802292,72.35536723163841,71.72152974504247,71.66933701657454,70.99916434540394,71.35185185185179,70.84022038567494,71.04328767123289,71.0155737704918,71.63123287671232,72.01483516483512,73.10439560439558,72.7582872928177,71.36986301369873,69.82770083102496,70.68725761772852,74.09586776859507,0.665510374289159,0.653320059231496,0.657002997341194,0.741693359331966,0.732581844623547,0.749197240384724,0.848233095115563,0.867219342475713,0.933950449889411,1.02361958375043,0.921871350193328,1.0296054330424,1.07718353624511,1.05990327800926,0.975305721598656,0.937979274004421,1.09833523997205,1.13568962715046,1.08083592531217,1.08285131015576,1.13380970799413,1.09871281471182,0.974047356339701,0.922234078945353,1.02385531471622,0.872911171700029
Europe,Hungary,50.27287671232873,48.61939890710383,50.38602739726026,51.535911602209936,50.6486263736264,53.127049180327866,51.44027397260275,52.795844875346226,51.736263736263744,48.69672131147543,48.35178082191782,50.0315068493151,53.28626373626369,52.63999999999999,52.499175824175815,50.0997260273972,51.536164383561626,52.56174863387979,52.29726027397263,53.69148351648354,53.602197802197814,52.21491712707178,52.22164383561643,54.0376731301939,54.03509749303622,43.4082089552239,5.56021827937262,5.66904769340015,5.53813493356874,5.58641298895347,5.65668672033195,5.3504510002036,5.52441522890234,5.47318097125118,5.74427180984904,5.57524349603736,5.54385244865578,5.50645046304525,5.35516886805399,5.28125195503412,4.77309893092146,4.78803898751033,4.7040297031798,4.37758218903705,4.12031356861289,4.11750182537459,4.40759693053804,4.50869128796621,5.05210173390467,5.03325434726835,4.8368762665486,4.59165290704788
Europe,Iceland,38.906027397260274,41.16393442622952,41.36821917808218,40.365927977839306,39.95219780219779,40.175683060109314,41.5482191780822,41.924930747922446,43.20164383561646,42.29071038251366,41.37589041095893,41.97780821917809,42.17857142857142,41.81912568306013,42.25357142857143,42.85342465753421,41.90876712328765,42.23306010928963,41.06246575342467,42.93186813186814,40.31126373626377,42.94254143646408,41.94986301369864,41.34611111111112,42.4050139275766,35.07388059701493,7.48179221439574,8.42910053697065,7.94447640966628,7.85770324068499,7.62629740321075,7.91394178624135,7.59134358945566,7.80379308785732,7.68997758366405,7.90892034210508,7.62046142336234,7.61022707072835,7.64836342861545,6.87628775038278,6.61854511317147,6.15997308523115,5.91933269386297,5.79921176367877,6.27555874031702,6.25408539155614,6.21948823360488,4.86824728192011,4.86604542807222,4.81768876817655,4.54345010442003,3.94746536485266
Asia,India,79.97914659325535,79.84135802469135,79.58924657534256,80.54767522553783,80.43844566712512,80.20862422997939,79.83392734749842,80.67814018043032,80.14256339958875,80.20416666666657,79.9172602739726,80.50561643835623,80.14139599170686,79.9241426611797,81.3775257731958,81.05226648351639,80.26982817869406,80.66755464480866,80.1994516792324,80.7396978021978,81.43935439560431,82.19559532002745,81.72997256515761,81.57531120331964,81.3625087108015,77.56467289719627,0.765189640436571,0.787231756113946,0.817360076229187,0.818720963289576,0.866242338513132,0.885077949226179,0.883746998008724,0.897242648505059,0.905456601736005,0.955470157428994,0.984261472618751,1.03653392155165,1.1235994817209,1.18036124666151,1.27887360284089,1.33803383522422,1.39687849773199,1.49820412282441,1.52767440026001,1.64246527737333,1.63132348717228,1.63991401876928,1.70492672078233,1.79559529858433,1.75253436625037,1.57609323191648
Asia,Indonesia,82.31442953020134,81.89090909090915,82.58518518518524,83.10120000000003,82.47602040816328,83.02769230769232,82.73125,85.46666666666668,84.44999999999997,84.78446601941752,84.07959183673465,84.5217054263566,83.25930232558139,83.14104046242778,83.57614942528731,83.28232044198887,83.56263736263742,83.66639118457307,83.18815426997239,83.46804407713488,83.35977961432512,83.5814404432133,83.4857142857143,83.57019498607244,84.01782729805012,83.18345864661653,1.1288917791437,1.1755109680584,1.27625247310355,1.26388340791736,1.32458290502927,1.3109381334086,1.39123766548666,1.38851451403432,1.49667347544607,1.51030150470751,1.49536891530725,1.57235136177763,1.61781217779373,1.58083241547306,1.62287572364692,1.70290597910492,1.92554222355036,1.92545004760659,1.77040203245853,1.89142782676209,1.88756448144649,1.84830385185678,1.94857443086369,2.12683683837158,2.24528577070833,2.07165896221472
Europe,Ireland,49.97041095890412,48.2084699453552,50.08958904109592,49.869252077562294,49.81895604395603,48.94180327868844,48.88657534246575,49.957340720221616,49.970684931506845,49.88196721311479,50.24684931506849,50.48904109589042,50.45757575757575,49.178082191780845,49.320054945054906,47.27205479452054,50.11863013698632,49.004644808743144,49.204109589041146,50.24835164835165,49.22115384615384,49.794475138121555,50.20904109589038,49.91712707182318,49.83259052924789,44.6641791044776,9.26840500869947,9.5728121709631,9.79064393029067,10.3480058695891,10.6459595833158,11.1778068493057,11.5914338545197,11.1725310641268,11.0312944683639,10.9790475404286,11.2142943339694,11.0593877607848,10.5945475071051,10.2262724232127,8.9481685637902,8.84787907428585,7.96668794720795,8.04636035875816,7.71834346349422,7.63385246922327,7.88760935074481,8.2033757874051,7.84814955647433,7.69902755440575,7.25774875667262,6.76822759018266
Asia,Israel,68.61563786008229,72.3535460992908,68.47750000000002,71.09542682926825,70.81768292682926,69.8430136986301,69.8896755162242,70.57130681818184,69.74182825484762,69.29764011799409,71.19529780564262,71.21671732522796,70.32071713147414,,,,,,,,,,,,,,8.4355816050496,8.56185874912157,8.7332762165867,8.62580807234969,8.65038367346939,9.0630147877246,9.00023295542786,9.29689497716895,9.40632614317533,9.27594360405346,8.80397108266836,9.12017806257709,9.27534435453545,9.12707968476357,8.7805519931602,9.25026234324991,8.99106338046306,9.61547310536628,8.31348098517278,7.8773324245043,7.9133542559158,7.63316171308214,7.56387361849127,6.91499302021885,6.9357521537442,6.34521600416707
Europe,Italy,56.169093406593355,55.83114754098373,57.585479452054805,57.41343490304712,57.80810439560433,58.03789329685364,57.57534246575334,57.34515235457065,58.35890410958904,56.81762295081969,56.22958904109584,57.23712328767131,57.735851648351655,57.79546703296707,58.10892857142854,56.775342465753376,58.281232876712345,58.06352459016392,57.697260273972695,59.100412087912126,58.65892857142861,58.948071625344305,58.880958904109626,60.009141274238246,59.50389972144844,50.23992537313435,7.32553621072634,7.24853083297285,7.30382462607205,7.49247224546883,7.60784644586191,7.66210832939307,7.66262915956549,7.77218397789502,8.06442103750509,8.18934076598023,8.17381434687257,8.02584391412222,7.86078687080444,7.5643247964943,6.71892118781227,6.83687516276224,6.6805503702131,6.32766192019354,5.75187766207853,5.38744255964141,5.56329428886422,5.49824437749353,5.43791206092819,5.37694036055885,5.31103098673157,4.73237277079935
Asia,Japan,55.523652968036615,54.4428961748633,55.9392694063927,56.52320441988953,56.58626373626371,55.88114754098355,54.89315068493149,55.79362880886426,55.19954337899547,57.16739526411656,55.49168949771691,56.2327853881278,57.349816849816875,56.6826166514181,56.90265567765566,57.44100456621,56.59652968036533,56.15127504553733,57.083287671232874,56.59542124542116,57.8114468864469,57.60617511520742,56.643105022831094,57.95868761552674,57.82878365831017,46.46094527363186,9.33264313950523,9.42012452587132,9.30217361987038,8.94209256329114,9.23118904533645,9.33772380028855,9.22020228236164,9.46887049315391,9.50476440282497,9.44956363835599,9.51276404248159,9.33129428879816,9.5936031749752,9.04895324957248,8.60923098549751,9.03600999453424,9.49500989572333,9.82785573811594,9.94449527247048,9.56430591784783,9.26804964566898,9.16671440712644,9.06369120751032,8.76197885041518,8.47840057488964,8.0314958696668
Asia,Jordan,63.28986301369866,64.39016393442628,62.61287671232879,65.4631578947368,64.9392857142857,63.86256830601093,65.14986301369862,63.94847645429368,63.907692307692365,64.25956284153001,64.39123287671234,64.27178082191782,64.64065934065933,65.2115068493151,65.04340659340654,68.17808219178085,63.7961643835617,65.63524590163934,64.82479338842974,65.45412087912088,65.24697802197808,65.98646408839774,65.7386301369863,66.62825484764542,65.20473537604458,54.119402985074615,3.05148159737293,3.00917226552702,3.03646329007228,3.0170900315271,2.95525448035914,3.21747234173507,3.14738026575975,3.19844519946045,3.20782518244137,3.35854651750237,3.49896645859653,3.31937135547279,3.25796556615731,3.01664150662918,3.04771349221952,2.91387220039999,2.91931904168507,3.34494706846206,3.09347308459958,2.95137713839159,2.66573038027454,2.4817715734492,2.54731566057105,2.36236318537572,2.16362144761182,1.9191724264898
Asia,Kazakhstan,48.61095890410961,46.72568306010928,50.07945205479448,48.82936288088639,49.84478021978023,50.0172131147541,49.96164383561642,50.21385041551239,48.06547945205484,50.118852459016445,49.28794520547944,50.30739726027397,49.71322314049586,50.02609890109889,49.07115384615389,49.124657534246595,48.47972602739725,47.86994535519126,51.31808219178086,49.930303030303065,53.32252747252745,52.665927977839296,52.13232876712327,50.9306406685237,53.12061281337047,42.75187969924813,11.0795989919983,9.84674571759674,8.62379335879025,9.01284531743062,8.21584936175902,8.07276392190989,7.90420999391924,8.82077519889026,9.80226935118937,10.5261951921084,11.1716693748985,12.1046688726905,12.8125768525733,15.3412531633198,13.274060944687,14.0732754184079,14.824684750479,14.5663225959365,15.2631047859855,12.1042254914238,10.8910512947587,11.3788397304605,11.9137581041033,11.8675495659661,11.0508703486337,11.2977433059429
Africa,Kenya,68.81245791245792,68.03693693693685,66.86888888888893,65.998406374502,67.93066666666665,65.96,65.20121212121208,65.81350210970463,66.67523809523802,67.55497076023399,68.3455089820359,69.31626016260164,,,,66.17032967032966,66.74318181818181,67.5796703296703,67.1445454545454,67.23183279742764,67.86656804733727,67.95595238095234,68.650144092219,66.8605042016807,68.34341736694678,68.97443609022558,0.244479320101046,0.260655736280214,0.2396607223794,0.254353746990163,0.257382506179099,0.27973260127852,0.247786635508931,0.233826765934642,0.202475058431098,0.220244197518061,0.242937186357954,0.264463997037475,0.25945667922109,0.265693416128019,0.307805552827632,0.323340092266238,0.327520882772203,0.296879604689277,0.32120873806002,0.364375325524079,0.386120073710359,0.403178474765564,0.41058150997657,0.385437968227287,0.382362032876395,0.374079219355755
Asia,Kuwait,79.04821917808218,80.3704918032787,79.12258953168046,81.05789473684214,81.26611570247928,80.28224043715845,80.78136986301375,80.45055555555558,80.8364383561644,80.3918032786885,80.01215469613265,80.73150684931511,80.47912087912086,80.29148351648352,80.40576923076925,82.32912087912086,79.76868131868129,80.84159779614325,80.20824175824177,81.05439560439564,81.6324099722992,81.03555555555556,81.6701657458563,82.6441666666666,81.59438202247192,69.07164179104478,21.8996001744781,20.917174596875,21.1792096137994,23.1561314263354,24.3639832600682,25.757493535845,26.7055251009954,27.1537450106576,27.6568327665969,28.7524245628357,31.2743160852875,30.6497944283025,28.1635443872172,28.6115061506717,27.7777897014899,27.4263799553979,26.4935548257298,25.1324210974698,23.9581430833469,22.7499904295637,22.7750200000358,22.5726979547119,21.9104008238737,21.4612299449757,21.1352142487222,21.1696102506992
Europe,Latvia,45.01895604395606,41.988524590163955,45.501095890410944,42.43525641025639,46.96071428571431,47.63698630136987,45.970958904109594,46.70831024930746,45.67205479452051,45.17295081967211,45.1082191780822,45.66986301369866,46.0892857142857,46.52252747252742,44.64093406593408,42.66,45.48109589041091,43.52923497267759,45.147397260274,46.119780219780225,46.88324175824176,45.78209366391181,45.16054794520549,46.66657458563534,47.351253481894176,39.82686567164178,3.6203691184424,3.66649818372129,3.50559898653884,3.37445472421587,3.15789869992746,2.92689489134337,3.14790965141603,3.18253221728416,3.31877156674847,3.36548361069355,3.44604406201718,3.69638430604272,3.87751809391794,3.72287608355585,3.43848652616254,4.06096622019446,3.83418240149458,3.72149107391712,3.7027854362936,3.65250564003487,3.69951965257617,3.64642259880778,3.66415617367092,4.03969750525899,3.95496550880907,3.64561216849281
Asia,Lebanon,69.14821917808217,69.34098360655736,68.6424657534247,70.43130193905816,70.56181318681324,69.42349726775956,70.93205479452057,70.27950138504156,70.11972602739726,69.7379781420765,69.6526027397261,69.20225988700565,70.22417582417579,70.4546703296703,70.73626373626368,72.6569863013698,70.00301369863013,70.87076502732238,70.90547945205483,71.217032967033,70.97664835164834,71.40773480662986,70.94242424242421,72.11464788732388,71.12234636871511,61.464179104477616,3.36012869856856,3.50092941848074,3.92630547983458,3.88998330614839,4.00821643192267,3.62742388746857,3.84828670372733,3.78625244171701,3.86584819283046,3.90821712963439,3.72145945633942,3.43944232291439,3.12699080673519,3.81495016074309,4.42377353879464,4.17636814924537,4.19719820751246,4.53236241673727,4.0931695513758,4.00854782860099,4.2220742810528,4.43470037080065,4.77487260306172,4.60461121532611,4.65529798386588,3.79219353680069
Africa,Madagascar,66.2354570637119,65.7337912087912,66.86541786743516,65.32076023391814,65.13735632183909,65.1139941690962,66.20657534246575,65.93019390581725,65.8631868131868,65.35382513661202,65.53671232876721,65.42794520547946,65.55055248618787,65.18246575342464,65.87664835164834,66.6101369863014,66.65999999999994,54.404098360655574,64.36465753424662,66.28873626373625,66.21868131868125,65.65911602209938,66.2049315068493,65.99116022099446,67.19860724233985,69.439552238806,0.0989102567153056,0.0913779782355159,0.0960436644045908,0.106678056570175,0.106137067304224,0.101996549055708,0.0998847074432671,0.0651832617996327,0.0876423398146388,0.0901627514537192,0.0909761836458385,0.0846028270674267,0.0864794796556158,0.0867882812762402,0.0798509567510527,0.0860427702237899,0.0981687170817389,0.119381317969332,0.124225069169491,0.124323710925382,0.132173016426922,0.124763836603653,0.133017230488787,0.123102264831808,0.142653575143316,0.0972695405949093
Africa,Malawi,68.8954732510288,69.91932773109241,68.17662835249041,71.4009950248756,70.32866666666665,66.4573529411765,68.01199999999999,72.18031496062984,70.97200000000001,,,69.9,,,,72.20881226053643,71.28198757763981,71.68640776699027,69.78899999999997,,,,,,,,0.0899126415431666,0.0898683365197204,0.0877407260072077,0.0835270137608764,0.0849903170743531,0.0779410309752438,0.0736840951826527,0.07297043964028,0.0739115310145256,0.0723991007580002,0.0669763699970397,0.0657054298241381,0.0687038303168998,0.0727097878723976,0.0725012189721582,0.0668862463652693,0.0708162777809249,0.0690843116512275,0.0720340847219384,0.0634544336358019,0.0643204280409013,0.0702973935321135,0.0779926724021984,0.087620331640832,0.0871188127927116,0.0846361581872504
Asia,Malaysia,81.55399449035814,81.5560439560439,81.97190082644632,83.92086956521737,81.24478021978018,81.77707182320438,81.98191780821918,82.709972299169,82.15315068493148,82.09262295081963,83.10027397260275,81.65917808219181,81.28214285714287,80.91780821917803,81.91098901098896,83.42794520547947,83.06739726027394,82.97950819672128,82.33534246575341,82.43241758241751,82.73928571428569,83.4618784530387,82.25808219178087,82.01388888888889,82.97242339832877,83.80970149253731,4.28616378061992,4.76796639923213,4.98914358004813,4.84560172782501,5.11674483780987,5.41970307450594,5.4989319960988,5.64888518954895,5.82107633847871,6.230942287027,6.44099632087228,6.54985834654279,6.99322959136745,7.31840781345023,6.43127859159965,6.95970722756613,6.93531995622416,6.92563492128782,7.40295101276076,7.71943595304507,7.60342044388986,7.34842125102826,7.03982567319804,7.4523713820598,7.46499971649816,7.38371541222915
Africa,Mauritania,77.87949438202244,78.13899371069182,79.42616279069763,78.95686274509802,76.91855072463765,77.58250000000001,78.69606741573031,77.76327683615823,77.51033519553071,77.61685082872927,78.54401114206128,78.27016574585642,77.82782369146005,78.6838888888888,77.1901098901099,78.93315068493155,77.21315068493152,77.89508196721309,78.57698630136989,77.62362637362642,78.80604395604392,78.40666666666671,78.293567251462,70.25,,,0.42052798317552,0.437291256315835,0.42302028999975,0.387492496572242,0.423260071792418,0.415101578736647,0.426819531881659,0.449976485831429,0.452116756828746,0.479709493225185,0.480686239360501,0.473642173301627,0.54444130156004,0.555803665316565,0.600340213855588,0.606440605697799,0.619394373099063,0.647779648212253,0.561374035889787,0.65948093945265,0.751732037240701,0.637776445066376,0.819299930408905,0.870135939862018,0.872475306517173,0.855176405836122
North America,Mexico,70.36217732884406,69.30169491525432,68.44496021220158,71.09475862068966,69.43645943097992,68.95987963891676,68.75888888888893,68.96233766233767,68.81958762886603,68.44817596566517,69.80034052213395,69.34028436018959,68.43822525597263,68.721349862259,70.03763736263731,68.50057077625569,69.99265267175576,69.60643330179742,68.92471264367828,68.10789980732163,68.29090009891192,68.8178916827854,68.93145539906106,67.96993339676489,69.63805060918463,68.13881748071981,3.41050972210916,3.52343310652966,3.67532762970931,3.85304278636919,3.68691545662466,3.8741459608624,3.81139205906883,3.82496794571377,3.95094019007698,3.98382568810155,4.09880078414754,4.19418339721868,4.22076132665352,4.18972731869134,4.03759396221293,4.11321091425038,4.19098978654326,4.20241354590373,4.05605522675517,3.8923552480392,3.92536832553423,3.92032302445388,3.86275941197886,3.58748930492536,3.6121651406375,3.04076637477226
Asia,Mongolia,31.9356164383562,30.54394366197181,33.21215469613261,32.966944444444444,31.30879120879119,30.028688524590155,29.4131506849315,29.699168975069252,29.5912087912088,31.490710382513655,29.940547945205488,30.992328767123286,33.33763736263739,31.739178082191813,30.21675824175825,28.46739726027396,27.858904109589027,26.251092896174864,28.99890410958905,30.47774725274727,31.868131868131886,29.361325966850828,31.123561643835593,31.03861111111111,31.04527777777777,17.42164179104478,4.40944087843202,3.68695304647835,3.57672505039317,3.55433428628924,3.54400762943856,3.67064344492548,3.62792055814909,3.85007397929221,3.70050873173124,3.76732550575287,4.32084727782108,4.81132726028788,4.99742290098835,4.92595164485037,5.11434488825757,5.2954649734322,5.73241815230519,6.13873838836048,6.46156111815428,6.24288838830339,5.83543497274137,5.99850473089282,6.32277465011644,6.80965906666612,7.16083565614723,6.43064533509798
Africa,Morocco,64.79369863013699,63.50983606557379,64.58876712328765,63.822005571030665,62.812912087912125,63.35245901639344,63.956164383561706,63.30609418282555,63.8153846153846,63.39672131147545,62.972602739726085,64.0693150684932,62.96280991735538,62.97162534435264,61.86373626373628,64.51381215469614,63.72383561643836,62.62868852459014,62.91648351648352,63.53489010989009,63.70576923076919,64.19862258953175,64.20931506849317,62.52292817679554,62.38440111420613,57.94253731343289,1.08243723609958,1.05502432989138,1.09149436813025,1.10228817287098,1.14273000774355,1.1513631079467,1.2538153605223,1.27876028984824,1.25588351409093,1.36545897238466,1.43204654115934,1.45918230136508,1.48373657770064,1.53722814281097,1.52188893650217,1.59401556113047,1.69961134156983,1.74129604584338,1.70383108247846,1.71369617616228,1.74053353043953,1.71730556958241,1.7736629145678,1.78932796096006,1.95530801659126,1.81852638730999
Africa,Mozambique,74.4183844011142,74.1400621118013,73.9665644171779,75.17703488372094,74.85158501440928,74.18338762214971,74.75042492917852,74.92216066481993,75.1899135446686,74.71213872832371,74.53081395348836,73.98478873239445,75.10756302521015,74.75604395604394,74.50279329608938,75.11276595744683,78.6480769230769,73.46220238095245,74.00786516853934,74.61836158192088,75.14132231404966,74.81104972375692,74.42617079889807,74.77146892655364,75.27103064066853,77.71865671641794,0.0751941508820552,0.0722482770509852,0.0779373871637125,0.0733714880671174,0.0711597424208351,0.0803050115921401,0.0774667691434299,0.0840280576365398,0.099266400142515,0.0969818290072244,0.0845623848344035,0.0897473772884255,0.104823600822029,0.102478438306785,0.111170735751221,0.116175443382067,0.138646533241141,0.148679264792307,0.164364969672772,0.18523579360939,0.204084856205542,0.261542138205007,0.250697939802182,0.233657167828116,0.248639658557146,0.222767552715213
Africa,Namibia,69.15821727019495,68.39041095890414,67.58407821229052,71.33732590529253,68.75110497237571,68.03626062322942,71.00393700787403,73.01190476190477,73.87516778523488,70.07147335423195,70.92760563380283,64.76786703601107,68.64156976744187,67.19916666666668,67.96600566572236,69.52760563380278,65.62607361963188,68.75883977900554,70.54293628808861,67.56422535211266,69.67943661971829,70.88753541076488,69.0702777777778,70.32656250000004,72.07977207977207,72.19850746268656,1.10466745983792,1.1658321545926,1.1655156203307,1.16224344783528,1.11287499079165,1.06770173395025,1.3249824122146,1.12871156060947,1.18448908205751,1.22547831655672,1.28663968230113,1.25407866269195,1.26617456097265,1.43724565279669,1.45078216313115,1.47837034856386,1.54937767898178,1.6182000212229,1.70668311779035,1.75305316404228,1.81245575422832,1.78707315981392,1.78639850389125,1.77883176482325,1.76417165717612,1.58804514727825
Asia,Nepal,64.75518518518518,64.21891025641028,58.15454545454545,67.64069400630909,68.21140065146581,65.76699346405232,65.99582172701952,66.30518731988475,67.14931129476584,67.49720670391063,68.19119318181816,64.53515151515153,65.03571428571432,68.58753541076487,70.07463976945236,69.6182608695652,67.0556473829201,67.09359331476327,65.03165266106441,64.57939560439561,64.57087912087916,65.51160220994471,65.55726027397262,64.85207756232683,64.96055555555559,57.9686567164179,0.0849877369200726,0.0859858964871309,0.0942548365836442,0.0976951422180041,0.129382416723712,0.131150878478796,0.138827942908161,0.110006332657224,0.117658015984794,0.108045061589646,0.121308223553183,0.0986501323901293,0.100832327137563,0.111411011212749,0.143664057282694,0.17086274882447,0.190681578451192,0.219452897902995,0.222332150237633,0.259710599034175,0.260272198896608,0.38532817662536,0.470677340646946,0.531081943087649,0.480724943133609,0.509366247354604
Oceania,New Zealand,59.68406593406594,59.46448087431691,58.703287671232886,61.25429362880883,60.20851648351657,59.89123287671236,59.79035812672183,59.51538461538459,59.29775910364143,58.54672131147537,60.49178082191782,59.02547945205483,59.72829670329669,59.88434065934067,58.86291208791209,60.24999999999994,60.109041095890426,59.112777777777765,60.44109589041094,59.67307692307691,59.75824175824174,60.883701657458566,60.52219178082192,60.579501385041546,60.56267409470755,65.10373134328361,6.62214841835901,6.80943193997856,7.32261391584905,7.12471821756225,7.46079632864854,7.63537859346243,8.14812524159258,7.98862859313663,8.29300754866905,8.03329663608563,8.28084859333801,8.1885723844573,7.87691178559591,8.02042349406075,7.24438711476781,7.13662169306089,6.90935218978102,7.28372768312879,7.17802390761126,7.07864496844902,7.00334099882848,6.61540909187332,6.84049360146252,6.61327184426397,6.83005302056555,6.16079918274331
North America,Nicaragua,79.01463414634144,79.85560000000001,81.91041095890407,83.04583333333335,81.09148351648355,81.42444444444443,82.07225274725279,82.14916666666667,81.90607734806633,81.52916666666664,81.57961432506875,81.80798898071632,81.72362637362637,81.1734636871508,81.91703296703297,81.41662049861499,81.19203296703303,81.23205479452054,81.91863013698625,82.54931129476589,83.11717451523548,82.69146005509637,81.49041095890406,81.28555555555548,82.13593314763236,82.916814159292,0.561783118721184,0.585280788697344,0.616855277880016,0.707440589624955,0.701323873566847,0.735474668089729,0.755955787707664,0.7725604420303,0.857157027289932,0.841387369219581,0.795409004894514,0.822378920364548,0.837510363439515,0.791702298837641,0.761527449559745,0.770731730642136,0.802045854702516,0.777036208792913,0.73100554811199,0.766443602468546,0.839345517843812,0.846846296935392,0.837724433734761,0.764549887382264,0.770101819888702,0.678252104273379
Africa,Nigeria,85.40166666666663,85.77534626038779,85.85581395348838,85.34302670623146,83.22067901234563,84.4618843683083,83.15096153846157,83.64972375690604,84.34647302904573,84.17490909090914,84.80189655172414,84.57492012779555,83.94581993569138,82.782793867121,83.55972222222216,83.92572614107873,83.28724279835389,82.97239944521506,83.39642346208863,83.75834633385338,83.69395770392752,84.24171270718227,83.79054878048778,84.066713483146,84.09342657342658,85.74402985074617,0.796435931988885,0.90330432509561,0.866911645815505,0.760128540682655,0.726985999857221,0.791318925708192,0.808110470710737,0.711803102977392,0.758676765149311,0.721900961039991,0.702672735926291,0.615033916358375,0.547038886825571,0.570485433544452,0.491376017988942,0.559512915251027,0.574122748158516,0.560545509755019,0.618778681422468,0.640072080671911,0.58559167537452,0.587371085185034,0.560638215463648,0.572783212388204,0.588005207479626,0.537510175389551
Europe,Norway,39.96328767123288,38.246994535519136,42.53835616438354,41.29196675900274,41.968406593406606,43.63415300546447,40.43561643835616,41.253185595567864,41.80301369863012,42.11994535519124,42.87999999999999,43.17397260273973,42.51515151515151,43.632443820224715,41.21483516483513,37.09999999999997,42.47315068493148,40.830601092896174,41.175890410958914,44.24368131868128,43.11483516483515,42.5013812154696,41.874520547945195,42.899723756906106,42.12952646239556,37.04552238805971,7.88890764877096,7.89647267408845,8.29561806764208,8.5496576300744,8.89806681573576,7.63379022825151,7.69541784648732,7.57597959877563,8.14632666316893,8.13491553623656,7.86591196617302,7.98394739648339,8.01844832818131,7.73304542667147,7.75345298117972,8.20501786367322,7.88827091301427,7.72532351327758,7.80116949624017,7.71680157719176,7.76485866052295,7.56103855960786,7.42375166951931,7.26131587924207,7.04232094266605,6.7250800496331
Asia,Oman,90.75,,,,,,83.33724928366762,83.5945558739255,82.765,83.69686609686607,83.19279778393354,83.08955223880602,80.522,82.67570621468928,84.6511976047904,84.53562874251493,83.24822006472495,79.78465608465609,82.12762430939223,82.54169491525421,84.49077380952386,82.9623456790123,81.26693877551021,83.57298850574709,79.8266666666667,,8.68534228820549,8.77070966959553,8.91704088194273,8.5620778277399,9.50406468909453,10.7134340875324,11.8047984273913,12.4693644148359,13.0368892910018,12.6604843135786,12.3307087490736,15.3035812405371,16.2191733507311,15.5842940927067,16.1610758258367,16.3350814771017,16.7204158572066,17.1257381039994,16.5105274741398,16.558313527136,16.7307842785492,16.4157459976763,15.7717971559632,16.3795758327742,16.4563584347506,15.6362010028175
Asia,Pakistan,74.79246575342472,74.56268861454038,74.13425797503467,76.08030726256985,76.92963503649638,79.21173553719007,76.50494505494517,76.54392655367234,75.68260273972602,76.27267759562854,75.08972602739725,76.5163461538461,76.20879120879133,75.53237311385459,76.53787878787877,76.61904109589027,75.77917808219175,75.67937158469948,76.01465753424667,75.42170329670337,76.00700549450549,76.96074380165292,76.4925925925925,76.97700831024932,74.60934579439247,69.09578544061301,0.62153522201698,0.625359557097795,0.632295557751971,0.619966415653166,0.659832693075847,0.637262087399875,0.627048268312485,0.626753893800197,0.633183138590725,0.693317062862858,0.697409169212382,0.742989902217322,0.80150437774136,0.756912387652784,0.764440547930542,0.72190976009205,0.713434272995773,0.711250896926277,0.710993636907017,0.740619420271711,0.778086202855925,0.848207168777178,0.918472672488548,0.850427079681196,0.824459652346009,0.81036021551031
North America,Panama,79.78712328767129,79.42185792349726,81.85287671232875,82.24099722991687,80.8343406593406,81.26038251366126,80.35509641873278,82.17750000000001,82.10304709141275,81.81476323119779,80.90027472527468,80.4387811634349,80.90083333333337,80.46955307262574,81.21813186813188,81.15977961432509,80.13342465753426,80.93251366120218,81.34999999999995,81.55564738292014,82.42243767313019,81.01194444444444,80.27493112947657,79.89554317548749,80.60557103064069,81.89402985074626,1.60360550752246,1.58980028185824,1.63985612406259,1.98310190328011,1.7032604854712,1.7598845466166,2.03085634088462,1.73342433010038,1.7366375744592,1.7295596999486,2.15265703288819,2.2235825080828,2.180985390548,2.08781795772351,2.44384989027469,2.53630557534088,2.7094018067197,2.78614766667856,2.68275540120307,2.76643678385556,2.68123188224505,2.64568083736678,2.47466896871459,2.38131879080632,3.09505043316861,2.23144302481653
South America,Peru,66.74410958904105,65.08060109289616,71.93095890410959,69.50221606648196,66.75054945054943,65.70191780821915,65.16914600550966,66.2236111111111,65.73121546961325,66.5786885245902,66.30794520547947,67.40219178082191,65.4332417582417,67.47774725274722,67.7458791208791,66.65917808219174,66.97726027397253,68.47295081967206,66.15643835616444,67.5351648351648,69.61708074534167,,,,,,1.04911621328514,1.12666549539043,1.10224618698884,1.04462250814599,1.10742554187473,1.07427509541656,0.982316838453907,1.0145053670813,0.983143204871561,1.11985372004664,1.11171716955682,1.08676985419652,1.18209589261852,1.32931868624742,1.41921946066586,1.53948542250294,1.64284749150045,1.61752150592736,1.65625408117878,1.75159405113357,1.7763005780535,1.8263804846975,1.71724301281113,1.69513088210562,1.73564177469023,1.39856601861908
Asia,Philippines,80.56739726027399,81.3609289617486,81.78547945205473,83.17944444444446,81.43911845730034,81.9043715846994,82.32148760330578,82.05305555555555,82.05386740331491,82.05765027322398,82.17479452054793,82.36082191780815,82.56758241758246,81.94848484848485,81.66538461538457,83.27972602739727,81.82931506849319,82.40983606557384,82.76098901098895,82.56969696969699,83.01483516483509,83.65828729281772,83.10246575342462,83.07611111111113,83.48133704735379,83.81567164179106,0.886850324246184,0.942981594649791,1.02377599905785,0.991653886533033,0.939305956595087,0.922837864069837,0.882362847773279,0.876627896522645,0.881835040197624,0.883116734531611,0.883249431233607,0.788442016028448,0.817880457554823,0.822328627546436,0.821133982114163,0.865602879221275,0.856822588631331,0.878944848360567,0.957913716180866,1.00490794980017,1.07725351401488,1.15275130744364,1.25031454207887,1.28139072984074,1.32152779028498,1.18967945167284
Europe,Poland,46.90794520547944,44.39234972677595,46.25452054794521,47.00055401662052,48.45357142857144,49.37295081967212,47.099178082191784,48.57036011080335,47.0682191780822,47.23825136612019,47.60136986301368,48.2827397260274,49.52692307692308,49.714010989010994,47.840109890109865,46.33561643835618,48.36821917808219,47.6601092896175,48.01205479452053,49.61263736263733,50.99587912087909,49.86546961325968,49.20657534246575,51.29750692520779,51.84540389972146,42.59776119402985,8.80953018834202,9.19937852708018,8.9166890471999,8.23552592173478,7.99213487148085,7.73091999715933,7.67691948740114,7.51549998320707,7.79306768797555,7.90561638869524,7.89596453021837,8.2349912497663,8.22063999059825,8.08705998482548,7.79155465630107,8.24700467583953,8.15993272251677,7.96968428583604,7.84182079398329,7.5168891922455,7.6100211833642,7.89575225360953,8.23624313643991,8.20953133332017,7.76885578278686,7.36756337292709
Europe,Portugal,64.39123287671232,62.84672131147539,64.80027472527469,63.7467966573816,63.27024793388434,62.27650273224043,62.21917808219184,62.320775623268766,63.05835616438352,62.655616438356134,62.73653846153846,63.497527472527466,62.4441988950276,62.32383561643839,64.0804945054945,63.18027397260279,63.33324175824177,61.04904109589037,61.39118457300275,61.78104395604393,62.1198347107438,62.2334254143646,62.83068493150683,61.345983379501426,61.94011142061285,56.45037593984963,5.05608519140298,4.84327964828902,5.0382546127071,5.47239443018619,6.08814319442449,5.99240147958707,5.92350156648031,6.29627863021253,5.78684729378197,5.92613732669672,6.23362305097526,5.7447581742678,5.57695160488075,5.38392186454158,5.32724112144616,4.81763153663542,4.72343041384562,4.58592633423758,4.45193522799156,4.41600098143824,4.81285327506769,4.71603567572635,5.1719561566168,4.8096126128982,4.33244804259817,3.78490758691711
Asia,Qatar,80.6534246575342,81.52747252747255,80.69228650137734,83.07783933518009,83.42032967032964,82.26885245901634,82.98684931506853,82.69307479224369,82.76958904109587,82.71475409836069,82.35698630136989,82.7961643835616,82.91730769230773,82.52912087912081,83.25384615384624,84.45260273972603,83.32575342465758,83.7991803278688,83.26739726027397,84.00769230769228,84.31132596685077,84.03093922651928,84.36876712328761,84.91916666666673,84.40055710306403,73.62014925373134,36.9762760296855,39.5682692035181,46.1188068820595,45.615898188803,47.2889375870289,44.3792506080314,42.2057920159804,45.5646913988777,46.4168865435356,47.6569620139265,45.4060868848016,43.2885740744389,40.6094522819758,36.8899456267738,33.7273035520663,35.5482683436981,37.9794930746587,39.5821395212157,37.6028800771898,37.1050343988277,35.2904219503821,33.5495686981102,32.2566382287485,31.4809674373955,31.8772030129291,31.7268424513247
Europe,Romania,51.0082191780822,50.435792349726775,50.346575342465776,51.84944751381224,53.31675824175825,53.82759562841522,52.98794520547949,52.83822714681441,51.93983516483516,51.918032786885306,51.4909589041096,52.44986301369866,54.72390109890109,53.61593406593409,53.77445054945052,52.78547945205481,52.03041095890415,53.758469945355216,53.59835616438359,53.22829670329669,54.5307692307692,53.70248618784526,53.39972602739727,54.53287292817682,55.58495821727023,45.7410447761194,5.32835749177734,5.49099774685039,5.03677001015076,4.42137908408918,3.78111644514695,3.96574499873479,4.30240959119319,4.31343122586801,4.54884198931637,4.44422058286346,4.44110220202597,4.68318505069417,4.63193427068988,4.6455195583769,3.96215792355729,3.83278482882614,4.17170285108923,4.08034984483774,3.60747135176666,3.5933033029971,3.69982946782982,3.63334838574668,3.78830872775473,3.86106171468889,3.81706295716296,3.56413750145988
Asia,Saudi Arabia,78.53945205479458,79.54972527472518,78.41150684931499,80.72229916897511,80.98859890109897,79.92759562841528,80.27928669410154,79.64903047091417,79.96598079561039,79.54030054644814,79.6413698630137,80.4412328767123,80.75618131868134,80.3431318681318,81.02815934065936,81.36917808219172,79.64326923076932,80.20662068965525,79.79191780821922,80.68038674033141,82.52936962750722,80.73825966850826,81.42293956043957,82.04847222222209,81.6639275766017,70.97752808988763,10.8439859542586,11.2132540076702,11.0376436356881,11.4249791672569,11.4004938680588,11.5863127738441,11.5043474059887,12.0340452579772,12.3031481310381,12.6739850141629,12.9231002796827,13.2149871153262,13.4324426740113,14.2037535472172,14.2722088631653,15.1683862693943,15.3813984934801,15.9780157664397,15.9839190651263,16.8252361265938,17.2577930743373,16.795103103967,16.0777919021258,15.0655004937014,14.7030166496769,14.2665853675408
Africa,Senegal,75.8230136986301,75.73934426229506,76.78021978021982,77.05263157894731,74.9716253443526,75.59173553719016,76.93041095890412,75.93826815642463,75.94383561643835,76.17431693989074,77.35369863013693,76.30136986301369,76.26895604395597,77.14285714285714,75.65521978021971,77.87232876712325,76.56438356164385,76.36202185792351,76.58082191780818,76.05357142857137,76.6027472527472,76.80856353591155,77.29178082191781,74.9913407821229,76.44707520891365,73.61268656716415,0.319854283970414,0.331014359485009,0.355188217163954,0.388424110670315,0.41785865453881,0.418753072739914,0.448318363393458,0.449820498087114,0.42995814654918,0.503818644729528,0.516326824254694,0.494469381190578,0.536334335852473,0.542081907505722,0.546632566433421,0.560744784507668,0.588029711367301,0.563383773056991,0.589383332771876,0.613587044752342,0.64679457579979,0.686906342711816,0.646584895307648,0.65339707602786,0.768574983933597,0.649800561203009
Africa,Sierra Leone,82.936,81.35058823529417,82.41333333333333,,,,,81.88181818181818,81.21272189349118,81.85826086956527,82.05566343042071,81.92056074766356,81.52429577464784,81.9597315436241,80.99904458598724,82.50833333333338,81.27777777777774,,,,,,,,,,0.0546234646400945,0.0714684970453401,0.0520314513324319,0.0556632340631127,0.0440656112818691,0.0727083613742993,0.0911038200603818,0.0968072102695019,0.102861066357535,0.0962530874271167,0.0785630406377665,0.101656277851772,0.0847257433412755,0.0852753141592485,0.08271774271619,0.0870322019147085,0.111139929087614,0.125902488986294,0.148000124625638,0.159312379983553,0.148261607024579,0.156233465747467,0.145879585519628,0.132764621949018,0.129094346244259,0.127277607278142
Asia,Singapore,81.75616438356167,81.63715846994529,82.96082191780825,83.12022160664812,81.6032967032967,81.57404371584707,81.70849315068493,82.60554016620505,82.0763736263736,82.23989071038253,82.51369863013694,82.0432876712329,81.65934065934064,81.56136986301372,82.37774725274723,82.67616438356166,81.75369863013697,81.70792349726776,81.92273972602752,82.36153846153844,82.97472527472529,83.29530386740333,81.98821917808219,82.3354570637119,83.32144846796658,83.0589552238806,10.6630262510548,10.4939270505058,10.0530078992887,9.43343281864263,9.54906418054509,10.4564750699312,10.1573654208833,9.88776206611669,9.27322321770106,9.50851808545158,8.65059982249361,8.44547089368866,8.34372321486362,7.93975115902894,7.78571060513801,8.35450837270906,8.63611004366003,8.22453047443198,8.13316955483092,8.11713717182074,8.20810904856042,8.0198912735455,8.43229982682534,8.01821207673574,7.91841038479591,7.68668370206727
Africa,South Africa,61.338904109589,60.580601092896195,61.75150684931501,61.858448753462625,63.13159340659342,62.618032786885216,62.14465753424663,61.86371191135735,62.158791208791165,62.672131147541,62.09616438356167,62.43095890410961,62.56115702479333,62.5684065934066,63.24368131868126,62.76328767123285,62.468767123287634,62.616393442622886,62.70191780821919,63.29807692307688,62.93278236914599,63.36685082872926,62.64630136986301,62.820833333333354,63.06378830083567,67.01940298507462,6.00761595417314,6.13600232844307,6.37262877583789,6.45982351193617,6.00178614406945,6.07655317191499,6.78372306044453,6.95051357369806,7.33895617266971,7.82476407533056,7.70429784499698,7.67271219877509,7.94385857423182,8.44664968496897,7.90204894086135,8.21761222731227,7.8080537418251,8.03464925875575,8.11643495398564,8.19115252745267,7.60718852417825,7.54458957113285,7.68370781068603,7.66737702463575,7.68890762322173,6.68756314737781
Europe,Spain,60.512968036529706,59.12140255009099,60.8254794520548,59.663157894736834,59.36190476190475,58.68360655737711,58.61369863013699,59.49556786703598,61.50411334552112,60.2032786885246,60.363926940639246,60.82091324200917,58.47225274725284,58.89945054945055,60.22637362637365,58.78000000000003,60.99899543378992,60.145081967212995,59.63835616438356,61.477838827838895,61.07179487179492,60.63360957642726,60.72456621004558,60.44106813996322,60.58841519925855,53.832338308457715,6.05596106137214,5.76871531135287,6.20617334794337,6.36979483813806,6.89086491589161,7.23021305731058,7.21625035262802,7.54867340494412,7.55334174258838,7.81792835567954,8.02919743143422,7.69812924965131,7.84232084677752,7.05647934920114,6.21468704771263,5.88576349343324,5.89332917610638,5.77854920958231,5.22940078672168,5.20600921471327,5.5388552164426,5.34058533869093,5.68159077854133,5.52105983547843,5.13179880095904,4.2795945712141
Asia,Sri Lanka,81.84747191011242,81.1836206896552,81.53136531365303,82.82164634146338,81.08655172413792,81.01999999999995,81.06988950276246,80.8658333333334,81.38547945205484,81.03633879781414,81.1827397260274,81.15287671232879,81.42445054945055,81.01404958677682,81.54093406593402,81.56219178082188,81.48438356164381,81.52307692307687,81.2720338983051,81.3501377410468,81.60219780219775,82.37817679558015,81.67479452054798,80.65487465181066,81.84401114206132,83.14925373134332,0.319976727364909,0.45601294932036,0.45208110976332,0.463794713998827,0.508628331749097,0.582056032020245,0.573353188576805,0.595749806639807,0.643018404221481,0.660231679843304,0.710810981430899,0.62428078801025,0.67691785132022,0.631515599480874,0.6000934359648,0.6324486029673,0.73875310927848,0.829817672208316,0.683729265092783,0.821974874404746,0.901775002944458,1.08130995719399,1.0759613709386,1.00093677895708,1.07452644131542,0.99668324284867
South America,Suriname,79.67610062893075,79.40278637770902,78.90559701492533,79.83292682926832,79.05375,79.7609375,79.53850931677017,79.87058823529406,81.90687499999999,81.23790849673203,80.12056338028171,79.65164835164838,79.50090634441085,79.47342657342661,79.58339768339769,80.55172413793103,79.97371428571434,79.42404371584702,79.11671232876714,79.4738292011019,79.54120879120877,80.08991097922852,79.578021978022,79.2220963172805,79.84428969359327,79.22985074626867,4.80467022716288,4.75295614351312,4.70639675459883,4.61598027716357,4.56936144565509,3.09066008626341,3.11977578714551,2.25083019614014,2.44940251697169,2.72823421574234,3.26849017860602,2.92950693743379,2.67315217844249,2.72595320055887,2.67926820460493,3.19526443012013,3.53661893774473,4.3748107455327,4.06032836419025,4.59905701777483,4.73365480689865,5.08189999879612,4.16014391746191,3.61542154063819,4.42581305045302,4.28507655687612
Europe,Sweden,44.551232876712334,43.33333333333337,45.30821917808218,44.05750000000001,47.086813186813224,47.27868852459015,45.73342465753424,46.59138888888885,46.08044077134984,45.04726775956285,45.6309589041096,46.569041095890405,46.294230769230744,46.86821917808219,45.21923076923077,42.040547945205475,46.610958904109566,44.27431693989073,45.18109589041101,47.06181318681319,46.572527472527426,45.876519337016575,45.47041095890408,47.06786703601107,46.57298050139274,39.836567164179115,6.5969528054969,7.19911937543703,6.48668300086524,6.59400874977149,6.46485827186072,6.00505471697879,5.90125180418977,6.05310411544794,6.16223362899073,5.95909437572406,5.54650873817718,5.36698124168204,5.14361901913536,4.99187766286243,4.59865903318971,5.11674720514525,4.70430712060359,4.41169765995117,4.2069276640016,4.02150965696553,3.99217853401293,3.89911000460038,3.79492404723228,3.52974394445168,3.40159396635064,3.24298914312747
Europe,Switzerland,49.82726440988105,48.236803652968064,50.25100548446074,50.19037927844594,50.039796860572565,51.06207839562445,50.23043875685562,50.82025901942643,51.46550458715595,50.10968036529679,49.69926873857399,51.01607305936066,51.217216117216154,50.413126709206914,51.170146520146474,49.20876712328772,51.24977168949769,50.14380692167582,48.9783561643836,51.538186813186805,51.39963369963368,50.38287292817679,50.77004566210045,52.53607770582802,51.518198700092874,45.115422885572194,6.16976724004348,6.22269985930131,6.03030989549022,6.22324806986666,6.23294458237699,6.08397536277273,6.24558946833504,5.98143821760326,6.10975526505583,6.12803762031226,6.16511913557878,6.07692424866387,5.76619326650613,5.87923780756897,5.63914682538914,5.77742182049657,5.20604499419771,5.31666112490889,5.38130029300267,4.85956840988056,4.71974534905117,4.73723860185747,4.57876628047857,4.40214372735655,4.35860986463416,4.04207281475341
Asia,Tajikistan,52.47218543046355,59.47058823529414,67.0824242424243,62.88433734939758,67.71359649122809,61.02484472049693,61.32901960784315,60.48864265927979,59.30082191780823,61.16092896174864,59.85506849315075,61.33506849315064,60.42032967032957,60.53791208791208,60.068131868131815,61.10493150684931,60.701095890410954,58.573224043715896,61.01013698630141,59.31483516483513,61.2032967032967,62.52176308539946,61.80191780821921,61.65509641873278,61.366666666666745,50.42537313432833,0.424027492096665,0.371164424415137,0.410889594346574,0.44921270041848,0.411109666026611,0.35086413226977,0.335483498496601,0.326183111412763,0.32598015853747,0.381847096484681,0.356638517450566,0.380663350344751,0.454594080928542,0.415182916481617,0.322035092003905,0.321040533975073,0.329384665205447,0.378966218565172,0.392681964601966,0.550493445625862,0.575406352580923,0.629971308782098,0.757120729592937,0.887070870578997,0.960233171179232,0.977533024275801
Africa,Tanzania,78.24149855907783,77.84457142857141,78.38387096774193,79.07587301587306,77.78996655518401,78.5991701244813,78.00116731517511,78.1459016393442,79.39164179104479,78.4260479041916,79.54092219020174,79.13511235955056,79.43571428571427,78.7709770114943,79.52541899441341,80.4705882352941,79.37444444444446,79.32445054945059,79.61652892561983,79.61388888888892,80.33805555555554,80.22861111111106,79.81534246575342,79.53770949720673,80.14888888888888,81.64552238805969,0.0894893208854129,0.0986007619024254,0.0908360280862117,0.0825280114341417,0.0751228993439119,0.0854928419765908,0.088333951865832,0.0980867580648493,0.100967168782017,0.132470895674732,0.143510928953089,0.147716885723632,0.14158667253389,0.141657914028551,0.134869853866878,0.15317710653214,0.172778667783982,0.200641872348878,0.217202207763596,0.198919396160375,0.20489763178503,0.195708590682345,0.207213701977385,0.206899782120787,0.249877326981355,0.233945592120175
Asia,Thailand,,84.32213114754093,85.98931506849317,83.8398891966759,81.70769230769231,82.2975409836066,82.64876712328766,84.7290858725762,84.49232876712318,84.70273224043717,85.05506849315066,85.13972602739727,84.2365384615385,83.19164345403904,83.20659340659338,84.15232876712318,82.7841059602649,,,,,,,,,,2.63010074205676,2.91630632333947,2.97598712215958,2.59791620782546,2.70786068964305,2.67877754570038,2.80874946339265,2.96739713664571,3.02075787568653,3.2680460795938,3.37423596230768,3.38804748676955,3.47019249206688,3.47393164404612,3.31570541826282,3.52668193133932,3.47778492539808,3.7058564536533,3.80405746007947,3.73604169400633,3.82467609758428,3.7944702310621,3.76789668093416,3.71842785188273,3.84904375698898,3.71425580600412
Africa,Togo,81.33354037267081,81.51892857142859,80.90114068441065,82.04984520123837,81.26792452830198,81.16239554317545,81.00137362637362,81.32861842105257,81.35702005730664,81.0096153846154,81.25178082191782,81.77253731343286,80.92994505494508,81.23730886850153,81.30247252747259,81.98547945205475,81.10391061452509,81.01693989071042,81.5090410958904,81.42417582417586,81.6879120879121,82.17348066298345,81.98681318681317,81.88515406162466,82.27724719101126,84.13656716417907,0.228387644915396,0.305136235029127,0.166291058344493,0.253706567079014,0.350908114950448,0.253392797773977,0.228960634163235,0.254509197888948,0.338277008249952,0.31952027755247,0.306061509591801,0.267200522961268,0.248646680458507,0.252118045500172,0.441454287671849,0.400206638764854,0.372754817540399,0.322782996361148,0.246122099358183,0.217949578116298,0.24428530157446,0.300938972406183,0.257067706466296,0.272149541444365,0.296284380597868,0.286061843654428
Africa,Tunisia,66.70465753424659,65.71639344262292,67.09150684931514,66.59999999999998,67.71346153846152,67.11967213114758,67.51260273972602,66.86952908587257,67.79504132231406,66.46721311475405,66.2350684931507,67.49260273972604,67.17170329670334,67.34972527472523,67.28434065934064,67.15178082191777,67.13698630136986,68.20247252747252,67.30219178082193,68.27500000000002,67.41785714285714,67.67762430939229,67.02301369863012,67.28365650969532,67.40584958217273,59.53208955223882,1.83396954326518,1.86330595776492,1.8971854628211,1.95713654477538,2.04044373623515,2.12959941843564,2.19817204850806,2.19396366023248,2.15441781365493,2.2366592257748,2.26586643645994,2.33433153133698,2.39751918524781,2.43069066830955,2.40940148939627,2.59948014986237,2.42169337798191,2.60472546895878,2.53107797998705,2.71031069526259,2.73646000671928,2.59444326113349,2.60278104885237,2.59976480429423,2.57649522620126,2.4086225282388
Asia,Turkmenistan,63.47095890410957,61.50328767123284,63.03835616438358,64.45612244897956,64.40659340659337,64.22377049180325,64.28739726027396,63.29196675900283,62.26657534246574,63.78114754098358,64.3635616438356,64.2076712328767,63.2829670329671,63.306868131868136,63.333791208791176,65.3802739726027,62.836438356164415,63.44508196721313,65.19150684931505,63.93324175824177,65.05521978021976,64.81243093922649,64.49753424657533,65.45000000000006,65.19387186629525,52.586567164179094,8.04183387068116,7.11653991206421,6.99009916419016,7.18458261584013,8.37310342697829,8.42774951566293,8.44060551954286,8.81272228285019,9.73950764322162,10.242184724984,10.3550613771612,10.4796520165708,11.638514165672,11.6232814250278,10.1114137793462,11.2329986693166,12.1393386187277,12.2297836730551,11.4730953338027,10.9813404266741,11.0601514177487,10.9191162876214,10.7016590590785,10.4397215133356,10.2675361537537,10.1840862992321
Africa,Uganda,71.90872483221473,71.290977443609,72.64893617021274,73.7968253968254,72.1089473684211,71.87118055555558,71.73971830985911,72.53025477707013,72.55620437956203,72.72782608695651,72.37355072463765,72.36952908587257,72.3527472527472,72.18926553672321,72.77638483965019,72.98163265306123,72.32787356321838,72.67859327217121,72.91932203389828,72.62035398230086,73.21745152354573,73.80688705234158,72.87808219178083,72.17583333333334,73.04131054131052,74.06030534351144,0.0460571434484427,0.0493379349005241,0.0507424828935132,0.0560515205262233,0.0554399375546812,0.0540200810992287,0.0526544799617983,0.0581794779348986,0.0594655928255172,0.0600307580275667,0.072423867987033,0.0833934963221192,0.0968011803250538,0.0974045703648217,0.106877767208744,0.103024798180233,0.112452831050028,0.11020533625378,0.104732807028038,0.113169831612196,0.125731921963759,0.127652055126342,0.128890498774082,0.14131143398732,0.138373161893107,0.127793034826946
Europe,Ukraine,47.3405479452055,45.23169398907103,45.79861878453038,46.88944444444446,49.0142857142857,49.02814207650274,48.281917808219205,49.136011080332416,47.0627397260274,47.61366120218584,47.48739726027394,47.00602739726023,49.666391184572966,49.20986301369861,48.86098901098902,48.90136986301373,48.416986301369846,47.65846994535513,48.518356164383576,48.31978021978021,50.315934065934066,48.60441988950273,49.11342465753428,48.9221606648199,50.44930747922436,41.29328358208954,7.75050278765666,6.77881342321839,6.48774375130943,6.16793466880715,6.15463018883118,6.04713226846156,6.17628600315644,6.30550260183762,6.90667500973429,6.47260433183048,6.27118411267417,6.4971956570033,6.71137021788412,6.5111779451634,5.46359176494747,5.86266090621906,6.19922694758856,6.07786549185186,5.94132317752821,5.25110191904936,4.23021939520472,4.47742669140061,3.89784637772829,4.1535326546639,3.92584183947876,3.7473878451278
Asia,United Arab Emirates,80.79547945205469,81.84289617486338,80.81821917808226,83.73864265927983,83.34436813186812,82.32500000000002,82.51999999999998,82.97229916897506,83.39438356164374,83.15491803278697,82.85232876712321,82.67005494505491,83.10892857142859,82.3477366255144,83.23076923076925,84.53191780821925,83.87013698630153,83.97554644808748,83.38493150684934,83.58612637362631,85.23942307692315,84.44212707182326,85.43835616438355,85.35944444444435,84.75153203342626,76.09242424242422,30.8821160991755,30.5232758134825,29.656726456501,28.5675748768456,27.6603897967531,25.8688505871006,28.1386591040815,27.2855568291431,27.2248726413375,27.5477739305378,27.2025438957737,24.8139704924766,22.4485000231583,22.3281490008492,19.6455390731778,19.1927959384897,19.4317803481083,20.2756524576141,21.1339160750868,21.1227744472553,21.9145018912965,22.2807027101609,21.1654979061116,19.060949529489,20.1533448325312,20.2522716801426
Europe,United Kingdom,53.4009602194788,51.794117647058776,52.67379972565156,51.77590027700828,52.10674931129478,51.43821917808219,51.062277091906694,51.85783633841886,51.83475274725277,51.445827633378926,51.370233196159106,51.457750342935505,51.766437414030285,50.730589849108355,51.05061898211829,50.20013755158191,52.55006858710563,51.172038567493026,51.19698216735256,53.3493810178817,52.09986244841821,52.2232365145228,52.611917808219154,52.18404993065187,52.00111420612805,46.64888059701493,9.07992084666014,9.37780131156954,8.98865876979789,8.99344011361403,8.90815665449369,9.01452772078978,9.22302462667546,8.94023273755295,9.10409319728109,9.0530899520495,8.95540065872195,8.90861346574891,8.65103053672192,8.33782001535587,7.49069428853077,7.68956749367277,7.04484324001669,7.34426092596391,7.07610042765381,6.43334699951386,6.15937636059612,5.82450269116313,5.55329149720857,5.42512840439105,5.17584247261224,4.60114225090135
South America,Uruguay,59.62794520547948,60.18879781420767,60.91999999999999,59.84265927977842,59.69175824175822,60.41397260273969,61.88131868131872,61.236388888888875,60.49088397790051,61.89098360655737,61.82986301369869,61.90493150684933,60.81895604395605,62.11294765840221,61.48104395604392,61.92410958904108,61.28273972602744,62.82704918032787,61.623287671232816,62.8793956043956,62.80164835164839,61.68870523415977,63.70794520547945,62.49111111111109,62.190250696378875,68.82611940298504,1.46117881744226,1.68922217060323,1.71287575087001,1.77075124981495,2.06870281854355,1.65799775470928,1.49845241005665,1.37023464202144,1.35523451438915,1.64762458578533,1.63241315804941,1.9059489832591,1.7588806997189,2.323083720459,2.29232727181387,1.87427799672558,2.26255839045084,2.52665795149583,2.17604504936147,1.91658248964667,1.95637850746058,1.91140810471485,1.78358950382795,1.91001452564632,1.98538155745128,1.89971905049917
Asia,Uzbekistan,59.08301369863013,57.18196721311473,60.764244186046525,59.67852564102568,60.3131868131868,60.78633879781424,61.3172602739726,60.86177285318562,60.16767123287672,61.92950819672129,61.095342465753426,61.55726027397264,61.20302197802203,60.656318681318766,61.02912087912088,62.28465753424662,60.4649315068493,58.93825136612021,61.28410958904114,58.871153846153874,61.3222527472528,62.147790055248656,60.7260273972603,60.834349030470904,62.00167130919218,51.388059701492544,4.30786043449638,4.28849515608181,4.25623441923353,4.83404016465012,4.79145183481993,5.02241342939668,5.03497573549588,5.13963164548698,4.76796655148205,4.82672481620454,4.5549776435969,4.80805262710825,4.56232693166592,4.72054514555284,4.19673790127992,4.41981416127496,4.38433301294505,3.79990260121916,3.69856695058724,3.40963401034538,3.17449495030177,3.30740488383849,3.38725662733184,3.42032279304893,3.50466269708326,3.37630378548758
Africa,Zambia,72.91914285714284,72.19870129870132,72.88607594936707,74.5569288389513,71.80132013201327,72.78242424242423,72.72017291066282,71.04305949008499,69.17877906976746,69.14649859943981,70.59750000000003,67.90219178082191,67.87122905027933,67.22387640449439,66.43516483516484,66.27178082191777,69.38885714285713,69.74765840220387,69.93416370106762,72.53999999999999,,,,,,,0.245217284162441,0.197921392888512,0.250242084992307,0.231850224541554,0.183344388736668,0.182709043733703,0.180071279686624,0.182993547763319,0.192305332371653,0.188254600448336,0.198281519809561,0.181889304883813,0.159779740048297,0.170069694419171,0.18660337629571,0.192639460049771,0.213846892998885,0.273339673256579,0.278215075625981,0.297754583504815,0.305054765965277,0.316995214805364,0.393726369451731,0.440527424110472,0.414336363523101,0.40190271250386
